-- 테스트 계정 관련
-- TODO : 아직 넣지 않는다

-- 카테고리 관련 (26개)
insert into category (name, created_at, created_by, modified_at, modified_by) values
('IT/텔레콤', now(), 'PlatformAdministrator', now(), 'PlatformAdministrator'),
('가정/생활', now(), 'PlatformAdministrator', now(), 'PlatformAdministrator'),
('건강/미용', now(), 'PlatformAdministrator', now(), 'PlatformAdministrator'),
('건축/인테리어', now(), 'PlatformAdministrator', now(), 'PlatformAdministrator'),
('결혼/출산/육아', now(), 'PlatformAdministrator', now(), 'PlatformAdministrator'),
('교육/취업', now(), 'PlatformAdministrator', now(), 'PlatformAdministrator'),
('금융/보험', now(), 'PlatformAdministrator', now(), 'PlatformAdministrator'),
('꽃/이벤트', now(), 'PlatformAdministrator', now(), 'PlatformAdministrator'),
('레저스포츠/취미', now(), 'PlatformAdministrator', now(), 'PlatformAdministrator'),
('문화/미디어', now(), 'PlatformAdministrator', now(), 'PlatformAdministrator'),
('병/의원', now(), 'PlatformAdministrator', now(), 'PlatformAdministrator'),
('건설/부동산', now(), 'PlatformAdministrator', now(), 'PlatformAdministrator'),
('산업기기', now(), 'PlatformAdministrator', now(), 'PlatformAdministrator'),
('성인', now(), 'PlatformAdministrator', now(), 'PlatformAdministrator'),
('식품/음료', now(), 'PlatformAdministrator', now(), 'PlatformAdministrator'),
('여행/교통', now(), 'PlatformAdministrator', now(), 'PlatformAdministrator'),
('의류/패션잡화', now(), 'PlatformAdministrator', now(), 'PlatformAdministrator'),
('인쇄/문구/사무기기', now(), 'PlatformAdministrator', now(), 'PlatformAdministrator'),
('자동차', now(), 'PlatformAdministrator', now(), 'PlatformAdministrator'),
('전문서비스', now(), 'PlatformAdministrator', now(), 'PlatformAdministrator'),
('전자/가전', now(), 'PlatformAdministrator', now(), 'PlatformAdministrator'),
('주류/담배', now(), 'PlatformAdministrator', now(), 'PlatformAdministrator'),
('관공서/단체', now(), 'PlatformAdministrator', now(), 'PlatformAdministrator'),
('게임', now(), 'PlatformAdministrator', now(), 'PlatformAdministrator'),
('유통', now(), 'PlatformAdministrator', now(), 'PlatformAdministrator'),
('기타', now(), 'PlatformAdministrator', now(), 'PlatformAdministrator');

-- 에이전시 계정 관련
insert into agency (agency_id, agency_password, created_at, created_by, modified_at, modified_by, agency_name) values
('TestAgency', '{noop}test1234', now(), '김쾅쾅', now(), '김쾅쾅', '쾅쾅마케팅');

-- 에이전트 그룹 관련 (6개)
insert into agent_group (created_at, created_by, modified_at, modified_by, name, agency_id) values
(now(), 'TestAgency', now(), 'TestAgency', '마케팅 1팀', 'TestAgency'),
(now(), 'TestAgency', now(), 'TestAgency', '마케팅 2팀', 'TestAgency'),
(now(), 'TestAgency', now(), 'TestAgency', '마케팅 3팀', 'TestAgency'),
(now(), 'TestAgency', now(), 'TestAgency', '마케팅 5팀', 'TestAgency'),
(now(), 'TestAgency', now(), 'TestAgency', '마케팅 본부', 'TestAgency'),
(now(), 'TestAgency', now(), 'TestAgency', '빈 그룹', 'TestAgency');

-- 에이전트 관련 (21명)
insert into agent (agent_id, agent_group_id, agency_id, created_at, created_by, modified_at, modified_by, email, nickname, user_password, deleted) values
('agent1', 3, 'TestAgency', '2022-08-04 12:39:20', 'TestAgency', '2021-12-23 23:38:15', 'TestAgency', 'raps0@networkadvertising.org', '하정우', 'PrRdDZvEA', false),
('agent2', 2, 'TestAgency', '2022-07-25 12:02:41', 'TestAgency', '2022-01-05 15:38:29', 'TestAgency', 'mspinke1@diigo.com', '박해수', 'i12tpzJURr6', false),
('agent3', 1, 'TestAgency', '2021-08-23 04:07:58', 'TestAgency', '2021-12-11 18:11:17', 'TestAgency', 'selcum2@zdnet.com', '유현석', 'O5cKP5l', false),
('agent4', 5, 'TestAgency', '2022-04-27 02:32:52', 'TestAgency', '2021-10-18 06:52:03', 'TestAgency', 'kkeitch3@quantcast.com', '조우진', '7JbQ5k6', false),
('agent5', 5, 'TestAgency', '2022-01-27 11:48:15', 'TestAgency', '2021-09-28 07:14:18', 'TestAgency', 'kbarnfather4@pagesperso-orange.fr', '황정민', 'twzXw4mNbwdk', false),
('agent6', 3, 'TestAgency', '2021-08-21 12:02:20', 'TestAgency', '2021-11-05 03:22:28', 'TestAgency', 'fmacpaike5@state.tx.us', '김태리', 'rzVFDnb', false),
('agent7', 4, 'TestAgency', '2022-08-02 04:13:52', 'TestAgency', '2021-12-15 20:55:50', 'TestAgency', 'kibbitt6@qq.com', '김혜수', 'KmepgML59', false),
('agent8', 3, 'TestAgency', '2022-02-03 18:47:57', 'TestAgency', '2022-06-01 01:20:42', 'TestAgency', 'tgooday7@cbsnews.com', '김다미', 'brhwGkbLr4', false),
('agent9', 1, 'TestAgency', '2022-06-08 10:20:31', 'TestAgency', '2022-03-02 20:37:30', 'TestAgency', 'vrenny8@live.com', '진서연', 'ZoZ5muZCjkRB', false),
('agent10', 5, 'TestAgency', '2021-11-11 18:32:16', 'TestAgency', '2022-05-13 20:44:03', 'TestAgency', 'shazlehurst9@hhs.gov', '김효진', '5YgJLgXURBk', false),
('agent11', 3, 'TestAgency', '2021-11-24 08:51:03', 'TestAgency', '2021-09-12 01:01:49', 'TestAgency', 'grositaa@nytimes.com', '유지태', 't2AqxrWayDX', false),
('agent12', 3, 'TestAgency', '2022-06-24 16:43:22', 'TestAgency', '2021-12-07 00:02:38', 'TestAgency', 'tmolfinob@wunderground.com', '전지현', 'TdQTJQ9VGnw4', false),
('agent13', 5, 'TestAgency', '2022-05-13 03:53:55', 'TestAgency', '2021-09-23 10:15:30', 'TestAgency', 'rbalmerc@ovh.net', '이정재', 'n2634Py', false),
('agent14', 1, 'TestAgency', '2022-05-21 07:51:46', 'TestAgency', '2021-08-20 13:08:45', 'TestAgency', 'nkellowayd@google.pl', '마동석', 'Z1sv7Ngyl0ES', false),
('agent15', 5, 'TestAgency', '2021-11-23 13:50:56', 'TestAgency', '2021-09-30 03:01:50', 'TestAgency', 'aivamye@skyrock.com', '손석구', '13nd6tNjfAd', false),
('agent16', 2, 'TestAgency', '2022-05-19 11:15:14', 'TestAgency', '2022-08-08 22:25:34', 'TestAgency', 'jewinf@google.cn', '유인나', 'kRps6w5E60', false),
('agent17', 5, 'TestAgency', '2022-02-09 21:12:38', 'TestAgency', '2021-12-01 10:03:21', 'TestAgency', 'adimmneg@shareasale.com', '전도연', 'B0s4vN8p7G', false),
('agent18', 4, 'TestAgency', '2022-03-14 04:58:46', 'TestAgency', '2022-04-09 22:58:38', 'TestAgency', 'ssmithendh@skype.com', '이지은', 'Uw6uv2vh', false),
('agent19', 5, 'TestAgency', '2021-11-02 20:34:27', 'TestAgency', '2022-06-18 09:16:21', 'TestAgency', 'dlaughreyi@constantcontact.com', '윤계상', 'iW0mlxHrJ4bo', false),
('agent20', 5, 'TestAgency', '2022-04-27 22:31:37', 'TestAgency', '2022-04-28 00:50:10', 'TestAgency', 'hgaleyj@meetup.com', '김윤석', 'BfMqWo0kH', false),
('nullagent', 6, 'TestAgency', '2022-04-27 22:31:37', 'TestAgency', '2022-04-28 00:50:10', 'TestAgency', 'hey@meetup.com', '광고주없음', 'BfMqWo0kH', false);

-- 광고주 관련 (40명)
insert into client_user (client_id, email, nickname, user_password, created_at, created_by, modified_at, modified_by, agency_id, agent_id, category_id) values
('c01', 'mstabbins0@lycos.com', '코코볼모바일', 'SCLgplR9a', '2022-01-13', '코코볼모바일', '2022-05-16', '코코볼모바일', 'TestAgency', 'agent1', 1),
('c02', 'gskeffington1@bigcartel.com', '코코볼생활건강', 'tWoMasu', '2022-03-15', '코코볼생활건강', '2022-07-19', '코코볼생활건강', 'TestAgency', 'agent2', 2),
('c03', 'vpedrozzi2@xing.com', '코코볼뷰티', 'Wwcg2OU59eix', '2022-04-08', '코코볼뷰티', '2022-08-09', '코코볼뷰티', 'TestAgency', 'agent3', 3),
('c04', 'wfould3@elegantthemes.com', '코코볼인테리어', 'qefKXJL1A4ZV','2022-01-13', '코코볼인테리어', '2021-11-12', '코코볼인테리어',  'TestAgency', 'agent4', 4),
('c05', 'dbilton4@wiley.com', '코코볼웨딩', 'dADQoNdw858', '2021-11-11', '코코볼웨딩', '2022-03-18', '코코볼웨딩', 'TestAgency', 'agent5', 5),
('c06', 'ccooley5@princeton.edu', '코코볼캠퍼스', 'YcDGsBp', '2022-06-11', '코코볼캠퍼스', '2022-04-05', '코코볼캠퍼스', 'TestAgency', 'agent6', 6),
('c07', 'ywreford6@weebly.com', '코코볼캐피탈', 'R49RPS8', '2021-10-26', '코코볼캐피탈', '2022-06-21', '코코볼캐피탈', 'TestAgency', 'agent7', 7),
('c08', 'radanet7@ehow.com', '코코볼플라워', 'JxcPBD83qQw', '2022-02-26', '코코볼플라워', '2021-11-30', '코코볼플라워', 'TestAgency', 'agent8', 8),
('c09', 'mpigott8@slideshare.net', '코코볼스포츠', 'RUYuyOrZ', '2022-02-17', '코코볼스포츠', '2022-08-13', '코코볼스포츠', 'TestAgency', 'agent9', 9),
('c10', 'vwhorf9@msu.edu', '2022코코볼전시회', 'SymmLybCU', '2022-01-08', '2022코코볼전시회', '2021-12-18', '2022코코볼전시회', 'TestAgency', 'agent10', 10),
('c11', 'srobeiroa@godaddy.com', '코코볼성형외과', 'cqVTT4', '2022-08-15', '코코볼성형외과', '2022-08-02', '코코볼성형외과', 'TestAgency', 'agent11', 11),
('c12', 'twetherillb@tmall.com', '코코볼부동산', 'cs8VhJvxFQ', '2021-09-23', '코코볼부동산', '2022-06-10', '코코볼부동산', 'TestAgency', 'agent12', 12),
('c13', 'dllopc@zdnet.com', '코코볼솔루션', 'MIJo5Pd', '2021-09-21', '코코볼솔루션', '2022-01-11', '코코볼솔루션', 'TestAgency', 'agent13', 13),
('c14', 'candrewsd@marriott.com', '코코볼컨테이너', 'gGSDHXKEXTE', '2022-07-10', '코코볼컨테이너', '2022-06-20', '코코볼컨테이너', 'TestAgency', 'agent14', 14),
('c15', 'mcoolsone@facebook.com', '코코볼식품', 'gDpz35GGTbm', '2022-01-22', '코코볼식품', '2022-02-02', '코코볼식품', 'TestAgency', 'agent15', 15),
('c16', 'aleytonf@posterous.com', '코코볼투어', 'GhvbFSem', '2022-08-14', '코코볼투어', '2021-12-23', '코코볼투어', 'TestAgency', 'agent16', 16),
('c17', 'drapperg@java.com', '코코볼리', 'SlCATEw3c', '2021-12-27', '코코볼리', '2022-04-18', '코코볼리', 'TestAgency', 'agent17', 17),
('c18', 'jlaugah@chronoengine.com', '코코볼오피스', 'Usudxr9HlMf', '2022-04-10', '코코볼오피스', '2022-03-20', '코코볼오피스', 'TestAgency', 'agent18', 18),
('c19', 'gcoultari@paginegialle.it', '코코볼자동차', 'DuCsdj', '2022-03-05', '코코볼자동차', '2021-12-19', '코코볼자동차', 'TestAgency', 'agent19', 19),
('c20', 'jseinj@msu.edu', '코코볼세무서', 'fdfsdf34', '2022-07-11', '코코볼세무서', '2022-06-15', '코코볼세무서', 'TestAgency', 'agent20', 20),
('c21', 'rcurryk@gov.uk', '코코볼전자', 'nrdkZAz', '2021-10-07', '코코볼전자', '2022-02-04', '코코볼전자', 'TestAgency', 'agent1', 21),
('c22', 'yearpel@businesswire.com', '(주)코코볼맥주', 'czYOfSeuL0', '2022-07-15', '(주)코코볼맥주', '2022-07-03', '(주)코코볼맥주', 'TestAgency', 'agent1', 22),
('c23', 'csteartm@gizmodo.com', '한국코코볼진흥협회', 'VEqS7gVVP', '2021-11-04', '한국코코볼진흥협회', '2022-04-14', '한국코코볼진흥협회', 'TestAgency', 'agent1', 23),
('c24', 'bsealeafn@mozilla.org', '코코볼게임즈', 'AZr5RspPlmp', '2022-08-06', '코코볼게임즈', '2021-09-27', '코코볼게임즈', 'TestAgency', 'agent13', 24),
('c25', 'smathiesono@amazon.co.jp', '코코볼물산', '5OU6omAqX', '2022-05-28', '코코볼물산', '2021-11-24', '코코볼물산', 'TestAgency', 'agent20', 25),
('c26', 'pfieldhousep@facebook.com', '코코볼시크릿', 'BN2qZoTaaj', '2022-06-24', '코코볼시크릿', '2021-09-26', '코코볼시크릿', 'TestAgency', 'agent20', 26),
('c27', 'qedgerq@spotify.com', '지오텔레콤', '9LsQvpT7lsv9', '2021-12-14', '지오텔레콤', '2022-03-22', '지오텔레콤', 'TestAgency', 'agent2', 1),
('c28', 'gshenleyr@xinhuanet.com', '지오데일리', 'eEpWxKQ', '2022-03-31', '지오데일리', '2022-04-23', '지오데일리', 'TestAgency', 'agent2', 2),
('c29', 'kaucoates@forbes.com', '프리티지오', 'uPhozO', '2022-03-23', '프리티지오', '2021-12-13', '프리티지오', 'TestAgency', 'agent16', 3),
('c30', 'mlawleet@devhub.com', '지오하우스', 'CWQ1qtQ8f4', '2022-01-22', '지오하우스', '2021-09-17', '지오하우스', 'TestAgency', 'agent10', 4),
('c31', 'joxtonu@geocities.jp', '지오베이비', 'RpwJSL0P', '2021-09-07', '지오베이비', '2022-06-04', '지오베이비', 'TestAgency', 'agent3', 5),
('c32', 'pgreenov@behance.net', '지오아카데미', 'JzYygrWu6f', '2021-10-16', '지오아카데미', '2022-01-07', '지오아카데미', 'TestAgency', 'agent10', 6),
('c33', 'ldionisettow@typepad.com', '지오생명보험', '3cQfxBXYZ4b6', '2021-08-22', '지오생명보험', '2022-01-30', '지오생명보험', 'TestAgency', 'agent7', 7),
('c34', 'imordauntx@wisc.edu', '지오기획', 'X1D1AiomHm7', '2021-09-10', '지오기획', '2022-06-25', '지오기획', 'TestAgency', 'agent10', 8),
('c35', 'rambrogiy@independent.co.uk', '지오메이트', 'iQTJdOJuxv', '2022-04-24', '지오메이트', '2022-07-30', '지오메이트', 'TestAgency', 'agent4', 9),
('c36', 'fkenwrickz@mysql.com', '지오미술관', 'HmCMh0tv6c', '2022-02-28', '지오미술관', '2022-07-24', '지오미술관', 'TestAgency', 'agent13', 10),
('c37', 'slewsy10@canalblog.com', '지오종합병원', 'lTB31U', '2021-09-06', '지오종합병원', '2021-12-05', '지오종합병원', 'TestAgency', 'agent3', 11),
('c38', 'kdamiata11@g.co', '지오건설', 'RKqWCCXVET', '2021-11-15', '지오건설', '2022-02-19', '지오건설', 'TestAgency', 'agent15', 12),
('c39', 'rlosty12@weibo.com', '지오테크', 'RV5jRsCnw', '2021-11-10', '지오테크', '2022-01-19', '지오테크', 'TestAgency', 'agent17', 13),
('c40', 'bfawke13@stanford.edu', '지오레드', 'p1caCDmyX5', '2022-04-03', '지오레드', '2022-04-27', '지오레드', 'TestAgency', 'agent20', 14);

-- 캠페인 관련 (45개)
insert into campaign (client_id, budget, name, created_at, created_by, modified_at, modified_by, activated, deleted) values
('c01', 8090, '서울지역캠페인', '2022-08-14 13:18:02', 'Yasmin', '2022-04-25 08:47:01', 'Yasmin', true, false),
('c01', 14122, '아이폰추천매장', '2022-03-23 14:56:28', 'Salome', '2021-10-01 16:25:54', 'Salome', true, false),
('c01', 13438, '미사용캠페인1', '2021-09-17 12:33:34', 'Borden', '2022-07-01 01:14:40', 'Borden', false, false),
('c01', 18263, '미사용캠페인2', '2022-06-30 15:35:08', 'Kassi', '2021-10-22 14:57:57', 'Kassi', false, false),
('c01', 6243, '미사용캠페인3', '2021-10-12 13:26:42', 'Alethea', '2021-09-24 01:08:37', 'Alethea', false, false),
('c01', 11358, '미사용캠페인4', '2021-09-09 01:36:42', 'Indira', '2021-09-05 01:23:52', 'Indira', false, false),
('c02', 4327, '신상품홍보용', '2022-05-22 21:20:16', 'Axel', '2022-06-22 00:44:12', 'Axel', true, false),
('c03', 19384, '하반기기획전캠페인', '2021-10-30 09:15:58', 'Deane', '2022-05-15 22:06:54', 'Deane', true, false),
('c04', 15381, '메인캠페인', '2022-04-06 19:53:11', 'Theresina', '2022-07-11 10:56:48', 'Theresina', true, false),
('c05', 15367, '하반기캠페인', '2022-06-18 03:50:18', 'Calley', '2022-03-01 00:55:55', 'Calley', true, false),
('c06', 8489, '이벤트홍보용', '2022-05-16 12:49:59', 'Menard', '2022-05-16 12:49:59', 'Menard', true, false),
('c07', 14765, '브랜드홍보캠페인', '2022-01-27 18:26:31', 'Allen', '2022-03-21 13:12:24', 'Allen', true, false),
('c08', 6537, '일반홍보용', '2022-05-29 03:51:49', 'Sabra', '2022-06-10 10:58:21', 'Sabra', true, false),
('c09', 11516, '겨울대비캠페인', '2021-11-12 19:56:26', 'Roderigo', '2022-06-27 04:25:01', 'Roderigo', true, false),
('c10', 7574, '일반캠페인', '2021-10-09 15:11:07', 'Katleen', '2021-09-30 03:08:02', 'Katleen', true, false),
('c11', 4196, '신사동캠페인', '2022-01-25 21:14:49', 'Isabella', '2022-07-08 23:05:42', 'Isabella', true, false),
('c12', 12984, '서울지역', '2022-03-28 13:45:58', 'Herminia', '2022-04-03 17:27:59', 'Herminia', true, false),
('c13', 2104, 'B2B캠페인', '2022-01-06 04:06:48', 'Dexter', '2021-11-03 17:56:46', 'Dexter', true, false),
('c14', 13967, '신제품홍보용', '2022-07-05 05:25:49', 'Pepito', '2022-07-12 14:29:40', 'Pepito', true, false),
('c15', 2911, '신제품출시캠페인', '2022-05-07 07:00:00', 'Golda', '2022-05-25 18:54:39', 'Golda', true, false),
('c16', 18701, '겨울여행대비', '2021-10-01 14:28:42', 'Seamus', '2021-11-26 22:05:08', 'Seamus', true, false),
('c17', 15282, '코코볼리기획전', '2022-01-25 11:51:47', 'Bradley', '2022-01-19 12:17:19', 'Bradley', true, false),
('c18', 10774, '메인캠페인', '2022-06-22 11:03:32', 'Jedd', '2022-04-05 01:04:43', 'Jedd', true, false),
('c19', 16170, '코코볼7출시', '2022-05-02 17:28:27', 'Peg', '2022-05-16 17:50:10', 'Peg', true, false),
('c20', 6317, '기본캠페인', '2022-02-14 20:00:02', 'Adelheid', '2022-03-21 15:39:48', 'Adelheid', true, false),
('c21', 2018, '코코볼X20출시', '2022-05-22 00:21:44', 'Walsh', '2022-04-10 12:28:50', 'Walsh', true, false),
('c22', 4697, '코코볼이슬홍보', '2022-04-10 18:39:52', 'Susie', '2021-11-15 23:22:59', 'Susie', true, false),
('c23', 5071, '교육일정홍보', '2022-04-23 03:28:37', 'Alexandre', '2021-10-30 07:52:01', 'Alexandre', true, false),
('c24', 6491, '코코볼판타지홍보', '2022-05-05 01:25:28', 'Shell', '2021-11-27 22:40:21', 'Shell', true, false),
('c25', 15117, '일반홍보', '2022-06-04 06:35:50', 'Sarene', '2021-09-18 09:36:09', 'Sarene', true, false),
('c26', 19404, '비밀캠페인', '2021-12-12 13:36:26', 'Bailey', '2022-03-25 17:55:50', 'Bailey', true, false),
('c27', 10261, '코코볼X20할인', '2021-09-06 20:12:07', 'Warde', '2021-09-12 22:22:49', 'Warde', true, false),
('c28', 8044, '하반기캠페인', '2022-05-14 08:50:00', 'Drucie', '2022-04-27 00:08:57', 'Drucie', true, false),
('c29', 4327, '신상품프로모션', '2021-11-27 09:15:10', 'Ulrich', '2022-02-21 18:09:48', 'Ulrich', true, false),
('c30', 15470, '신규매장홍보', '2022-08-15 01:29:55', 'Maryanne', '2022-02-17 18:45:24', 'Maryanne', true, false),
('c31', 18079, '박람회홍보', '2022-07-19 16:44:20', 'Ives', '2021-12-21 04:13:20', 'Ives', true, false),
('c32', 17694, '취업아카데미개설홍보', '2021-11-17 10:56:30', 'Stanford', '2022-01-23 02:50:40', 'Stanford', true, false),
('c33', 12442, '일반홍보캠페인', '2021-10-18 21:10:23', 'Rosalyn', '2022-04-27 17:46:35', 'Rosalyn', true, false),
('c34', 1643, '창립10주년캠페인', '2022-02-08 06:14:21', 'Gussi', '2022-04-01 23:52:56', 'Gussi', true, false),
('c35', 17657, '동계캠페인', '2021-12-15 09:47:40', 'Hephzibah', '2021-08-28 23:51:42', 'Hephzibah', true, false),
('c36', 19866, '김지오기획전홍보', '2022-03-27 02:25:16', 'Jeanette', '2022-01-22 21:43:07', 'Jeanette', true, false),
('c37', 5626, '기본123', '2022-06-24 05:06:04', 'Dionisio', '2022-01-31 15:02:49', 'Dionisio', true, false),
('c38', 1743, '분양캠페인',  '2021-08-25 21:41:45', 'Aristotle', '2021-12-21 15:33:18', 'Aristotle', true, false),
('c39', 19564, '기본캠페인', '2022-01-16 10:54:00', 'Bendicty', '2022-06-01 00:37:26', 'Bendicty', true, false),
('c40', 17917, '홈페이지방문용', '2021-09-28 20:24:46', 'Griff', '2022-02-01 14:01:53', 'Griff', true, false);

-- 소재 관련 (53개)
insert into creative (campaign_id, biding_price, keyword, description, url, created_at, created_by, modified_at, modified_by, activated, deleted) values
(1, 7224, '강남핸드폰매장', '핸드폰 구매는 코코볼모바일', 'https://velog.io/@mrcocoball', '2022-07-13 01:32:28', 'Karoline', '2021-10-26 02:46:03', 'Karoline', true, false),
(1, 4503, '서울핸드폰매장', '핸드폰 구매는 코코볼모바일', 'https://velog.io/@mrcocoball', '2022-07-10 04:40:02', 'Ashien', '2022-07-08 09:18:39', 'Ashien', true, false),
(1, 5463, '핸드폰매장추천', '핸드폰 구매는 코코볼모바일', 'https://velog.io/@mrcocoball', '2021-11-26 01:47:21', 'Flossie', '2022-01-29 02:01:15', 'Flossie', false, false),
(1, 8190, '핸드폰중고거래', '핸드폰 구매는 코코볼모바일', 'https://velog.io/@mrcocoball', '2022-06-10 22:12:32', 'Tracey', '2022-07-01 08:11:24', 'Tracey', false, false),
(1, 5423, '핸드폰중고판매', '핸드폰 구매는 코코볼모바일', 'https://velog.io/@mrcocoball', '2022-03-31 01:00:20', 'Anders', '2022-06-08 12:58:18', 'Anders', false, false),
(1, 5423, '중고핸드폰판매', '핸드폰 구매는 코코볼모바일', 'https://velog.io/@mrcocoball', '2022-03-31 01:00:20', 'Anders', '2022-06-08 12:58:18', 'Anders', false, false),
(1, 5423, '핸드폰저렴하게', '핸드폰 구매는 코코볼모바일', 'https://velog.io/@mrcocoball', '2022-03-31 01:00:20', 'Anders', '2022-06-08 12:58:18', 'Anders', false, false),
(1, 5423, '핸드폰견적', '핸드폰 구매는 코코볼모바일', 'https://velog.io/@mrcocoball', '2022-03-31 01:00:20', 'Anders', '2022-06-08 12:58:18', 'Anders', false, false),
(1, 5423, '강남핸드폰견적', '핸드폰 구매는 코코볼모바일', 'https://velog.io/@mrcocoball', '2022-03-31 01:00:20', 'Anders', '2022-06-08 12:58:18', 'Anders', false, false),
(1, 5423, '서울핸드폰견적', '핸드폰 구매는 코코볼모바일', 'https://velog.io/@mrcocoball', '2022-03-31 01:00:20', 'Anders', '2022-06-08 12:58:18', 'Anders', false, false),
(1, 5423, '저가형핸드폰', '핸드폰 구매는 코코볼모바일', 'https://velog.io/@mrcocoball', '2022-03-31 01:00:20', 'Anders', '2022-06-08 12:58:18', 'Anders', false, false),
(2, 7224, '아이폰자급제', '핸드폰 구매는 코코볼모바일', 'https://velog.io/@mrcocoball', '2022-07-13 01:32:28', 'Karoline', '2021-10-26 02:46:03', 'Karoline', true, false),
(2, 4503, '아이폰약정', '핸드폰 구매는 코코볼모바일', 'https://velog.io/@mrcocoball', '2022-07-10 04:40:02', 'Ashien', '2022-07-08 09:18:39', 'Ashien', true, false),
(2, 5463, '아이폰색상추천', '핸드폰 구매는 코코볼모바일', 'https://velog.io/@mrcocoball', '2021-11-26 01:47:21', 'Flossie', '2022-01-29 02:01:15', 'Flossie', false, false),
(7, 6340, '세정제추천', '무자극 안전한 세정제', 'https://velog.io/@mrcocoball', '2022-08-16 00:00:00', 'Wood', '2022-08-16 00:00:00', 'Wood', true, false),
(8, 8056, '화장품추천', '코코볼뷰티 특별 기획전!', 'https://velog.io/@mrcocoball', '2022-08-16 00:00:00', 'Germain', '2022-08-16 00:00:00', 'Germain', true, false),
(9, 4375, '인테리어업체추천', '인테리어는 코코볼인테리어', 'https://velog.io/@mrcocoball', '2022-08-16 00:00:00', 'Gussi', '2022-08-16 00:00:00', 'Gussi', true, false),
(10, 9436, '웨딩견적', '종합웨딩서비스 코코볼웨딩', 'https://velog.io/@mrcocoball', '2022-08-16 00:00:00', 'Kincaid', '2022-08-16 00:00:00', 'Kincaid', true, false),
(11, 7329, '개발자취업강의', '코코볼캠퍼스 부트캠프 모집', 'https://velog.io/@mrcocoball', '2022-08-16 00:00:00', 'Cherise', '2022-08-16 00:00:00', 'Cherise', true, false),
(12, 7677, '적금추천', '2030 필수 적금 안내', 'https://velog.io/@mrcocoball', '2022-08-16 00:00:00', 'Sabrina', '2022-08-16 00:00:00', 'Sabrina', true, false),
(13, 7096, '서울꽃집', '코코볼플라워 무료배송', 'https://velog.io/@mrcocoball', '2022-08-16 00:00:00', 'Axe', '2022-08-16 00:00:00', 'Axe', true, false),
(14, 6172, '스키용품추천', '겨울 레저 장비 전문', 'https://velog.io/@mrcocoball', '2022-08-16 00:00:00', 'Abigail', '2022-08-16 00:00:00', 'Abigail', true, false),
(15, 6604, '가볼만한전시회', '2022코코볼전시회 개최', 'https://velog.io/@mrcocoball', '2022-08-16 00:00:00', 'Sheffield', '2022-08-16 00:00:00', 'Sheffield', true, false),
(16, 5798, '서울성형외과', '누적상담1위 코코볼성형외과', 'https://velog.io/@mrcocoball', '2022-08-16 00:00:00', 'Aubrey', '2022-08-16 00:00:00', 'Aubrey', true, false),
(17, 6165, '서울부동산', '집은 코코볼부동산에서', 'https://velog.io/@mrcocoball', '2022-08-16 00:00:00', 'Catlee', '2022-08-16 00:00:00', 'Catlee', true, false),
(18, 8747, '산업장비업체', '남다른 기술력 코코볼솔루션', 'https://velog.io/@mrcocoball', '2022-08-16 00:00:00', 'Tarra', '2022-08-16 00:00:00', 'Tarra', true, false),
(19, 4369, '성인용품추천', '코코볼컨테이너에 어서와요', 'https://velog.io/@mrcocoball', '2022-08-16 00:00:00', 'Lauree', '2022-08-16 00:00:00', 'Lauree', true, false),
(20, 8443, '콤부티추천', '맛있는 코코볼 콤부티', 'https://velog.io/@mrcocoball', '2022-08-16 00:00:00', 'Alison', '2022-08-16 00:00:00', 'Alison', true, false),
(21, 9919, '해외여행', '해외여행은 코코볼투어에서', 'https://velog.io/@mrcocoball', '2022-08-16 00:00:00', 'Carmencita', '2022-08-16 00:00:00', 'Carmencita', true, false),
(22, 9848, '코코볼리기획전', '핫한 아이템 총집합', 'https://velog.io/@mrcocoball', '2022-08-16 00:00:00', 'Kellen', '2022-08-16 00:00:00', 'Kellen', true, false),
(23, 4863, '서울사무용품', '코코볼오피스에 다 있습니다', 'https://velog.io/@mrcocoball', '2022-08-16 00:00:00', 'Fina', '2022-08-16 00:00:00', 'Fina', true, false),
(24, 5808, '코코볼7견적', '대세전기차 코코볼7', 'https://velog.io/@mrcocoball', '2022-08-16 00:00:00', 'Moises', '2022-08-16 00:00:00', 'Moises', true, false),
(25, 6340, '서울세무서', '20년 경력 세무사', 'https://velog.io/@mrcocoball', '2022-08-16 00:00:00', 'Josepha', '2022-08-16 00:00:00', 'Josepha', true, false),
(26, 7620, '코코볼X20비용', '코코볼X20 예약판매중', 'https://velog.io/@mrcocoball', '2022-08-16 00:00:00', 'Jerrie', '2022-08-16 00:00:00', 'Jerrie', true, false),
(27, 6526, '소주추천', '대세 소주 코코볼이슬', 'https://velog.io/@mrcocoball', '2022-08-16 00:00:00', 'Marty', '2022-08-16 00:00:00', 'Marty', true, false),
(28, 8851, '코코볼자격증교육', '코코볼자격증교육 개최', 'https://velog.io/@mrcocoball', '2022-08-16 00:00:00', 'Adele', '2022-08-16 00:00:00', 'Adele', true, false),
(29, 7594, '코코볼판타지공략', '내 손안 세상, 코코볼판타지', 'https://velog.io/@mrcocoball', '2022-08-16 00:00:00', 'Itch', '2022-08-16 00:00:00', 'Itch', true, false),
(30, 9010, '유통업체', '신뢰를 유통하는 코코볼물산', 'https://velog.io/@mrcocoball', '2022-08-16 00:00:00', 'Hedvig', '2022-08-16 00:00:00', 'Hedvig', true, false),
(31, 6372, '비밀', '쉿 비밀이에요', 'https://velog.io/@mrcocoball', '2022-08-16 00:00:00', 'Torrence', '2022-08-16 00:00:00', 'Torrence', true, false),
(32, 8545, '코코볼X20할인', '코코볼X20은 지오텔레콤', 'https://velog.io/@mrcocoball', '2022-08-16 00:00:00', 'Klarika', '2022-08-16 00:00:00', 'Klarika', true, false),
(33, 6205, '생활용품추천', '지오데일리 추천 생활용품', 'https://velog.io/@mrcocoball', '2022-08-16 00:00:00', 'Vasili', '2022-08-16 00:00:00', 'Vasili', true, false),
(34, 5741, '필수화장품추천', '프리티지오에서 이뻐지자', 'https://velog.io/@mrcocoball', '2022-08-16 00:00:00', 'Clement', '2022-08-16 00:00:00', 'Clement', true, false),
(35, 7528, '분당인테리어', '지오하우스 분당점 신설!', 'https://velog.io/@mrcocoball', '2022-08-16 00:00:00', 'Dora', '2022-08-16 00:00:00', 'Dora', true, false),
(36, 8045, '육아박람회', '지오베이비와 육아박람회', 'https://velog.io/@mrcocoball', '2022-08-16 00:00:00', 'Raleigh', '2022-08-16 00:00:00', 'Raleigh', true, false),
(37, 9755, '취업교육', '취업아카데미는 지오아카데미', 'https://velog.io/@mrcocoball', '2022-08-16 00:00:00', 'Ambros', '2022-08-16 00:00:00', 'Ambros', true, false),
(38, 6689, '보험추천', '믿을 수 있는 지오생명보험', 'https://velog.io/@mrcocoball', '2022-08-16 00:00:00', 'Mufinella', '2022-08-16 00:00:00', 'Mufinella', true, false),
(39, 9086, '이벤트업체', '이벤트기획전문 지오기획', 'https://velog.io/@mrcocoball', '2022-08-16 00:00:00', 'Birk', '2022-08-16 00:00:00', 'Birk', true, false),
(40, 9933, '피규어매장', '피규어 전문 지오메이트', 'https://velog.io/@mrcocoball', '2022-08-16 00:00:00', 'Gar', '2022-08-16 00:00:00', 'Gar', true, false),
(41, 6165, '서울미술관', '미술관창립10주년 행사중', 'https://velog.io/@mrcocoball', '2022-08-16 00:00:00', 'Davidson', '2022-08-16 00:00:00', 'Davidson', true, false),
(42, 5067, '충정로병원', '지오종합병원', 'https://velog.io/@mrcocoball', '2022-08-16 00:00:00', 'Karyl', '2022-08-16 00:00:00', 'Karyl', true, false),
(43, 7692, '분당분양', '분당 지오빌에서 안식을', 'https://velog.io/@mrcocoball', '2022-08-16 00:00:00', 'Rhodie', '2022-08-16 00:00:00', 'Rhodie', true, false),
(44, 5640, '절삭기업체', '절삭기전문 지오테크', 'https://velog.io/@mrcocoball', '2022-08-16 00:00:00', 'Phebe', '2022-08-16 00:00:00', 'Phebe', true, false),
(45, 9028, '성인용품추천', '후기는 거짓말하지 않아요', 'https://velog.io/@mrcocoball', '2022-08-16 00:00:00', 'Kipper', '2022-08-16 00:00:00', 'Kipper', true, false);

-- 소재 실적 1298개
insert into performance (creative_id, created_at, view, click, conversion, purchase, spend) values
(1, DATE_SUB(now(), INTERVAL 31 DAY), 669, 95, 36, 5609000, 686280),
(1, DATE_SUB(now(), INTERVAL 30 DAY), 995, 66, 48, 1198000, 476784),
(1, DATE_SUB(now(), INTERVAL 29 DAY), 860, 93, 35, 5471000, 671832),
(1, DATE_SUB(now(), INTERVAL 28 DAY), 442, 66, 24, 7036000, 476784),
(1, DATE_SUB(now(), INTERVAL 27 DAY), 132, 59, 23, 9161000, 426216),
(1, DATE_SUB(now(), INTERVAL 26 DAY), 178, 69, 5, 8862000, 498456),
(1, DATE_SUB(now(), INTERVAL 25 DAY), 468, 74, 10, 6945000, 534576),
(1, DATE_SUB(now(), INTERVAL 24 DAY), 819, 81, 38, 4955000, 585144),
(1, DATE_SUB(now(), INTERVAL 23 DAY), 173, 97, 42, 7167000, 700728),
(1, DATE_SUB(now(), INTERVAL 22 DAY), 223, 74, 14, 9090000, 534576),
(1, DATE_SUB(now(), INTERVAL 21 DAY), 628, 92, 40, 5421000, 664609),
(1, DATE_SUB(now(), INTERVAL 20 DAY), 413, 75, 20, 4095000, 541800),
(1, DATE_SUB(now(), INTERVAL 19 DAY), 993, 55, 46, 6960000, 397320),
(1, DATE_SUB(now(), INTERVAL 18 DAY), 936, 97, 28, 7122000, 700728),
(1, DATE_SUB(now(), INTERVAL 17 DAY), 680, 70, 27, 1464000, 505680),
(1, DATE_SUB(now(), INTERVAL 16 DAY), 352, 52, 3, 5887000, 375648),
(1, DATE_SUB(now(), INTERVAL 15 DAY), 715, 55, 23, 4836000, 397320),
(1, DATE_SUB(now(), INTERVAL 14 DAY), 899, 75, 38, 4750000, 541800),
(1, DATE_SUB(now(), INTERVAL 13 DAY), 694, 94, 39, 8209000, 679056),
(1, DATE_SUB(now(), INTERVAL 12 DAY), 334, 81, 2, 6854000, 585144),
(1, DATE_SUB(now(), INTERVAL 11 DAY), 518, 87, 28, 8596000, 628488),
(1, DATE_SUB(now(), INTERVAL 10 DAY), 504, 75, 16, 7278000, 541800),
(1, DATE_SUB(now(), INTERVAL 9 DAY), 812, 64, 3, 4859000, 462336),
(1, DATE_SUB(now(), INTERVAL 8 DAY), 591, 86, 3, 2713000, 621264),
(1, DATE_SUB(now(), INTERVAL 7 DAY), 552, 63, 23, 1446000, 455112),
(1, DATE_SUB(now(), INTERVAL 6 DAY), 959, 55, 46, 6260000, 397320),
(1, DATE_SUB(now(), INTERVAL 5 DAY), 747, 79, 25, 5307000, 570696),
(1, DATE_SUB(now(), INTERVAL 4 DAY), 152, 51, 26, 8790000, 368424),
(1, DATE_SUB(now(), INTERVAL 3 DAY), 604, 71, 16, 9620000, 512904),
(1, DATE_SUB(now(), INTERVAL 2 DAY), 450, 73, 8, 1249000, 527352),
(1, DATE_SUB(now(), INTERVAL 1 DAY), 535, 97, 34, 7844000, 700728),
(2, DATE_SUB(now(), INTERVAL 31 DAY), 234, 35, 12, 2606000, 545640),
(2, DATE_SUB(now(), INTERVAL 30 DAY), 666, 46, 14, 1128000, 434534),
(2, DATE_SUB(now(), INTERVAL 29 DAY), 554, 23, 15, 4361000, 565232),
(2, DATE_SUB(now(), INTERVAL 28 DAY), 662, 56, 24, 6456000, 365344),
(2, DATE_SUB(now(), INTERVAL 27 DAY), 552, 39, 23, 7621000, 343646),
(2, DATE_SUB(now(), INTERVAL 26 DAY), 17, 49, 5, 7551000, 386536),
(2, DATE_SUB(now(), INTERVAL 25 DAY), 421, 74, 10, 5834000, 487456),
(2, DATE_SUB(now(), INTERVAL 24 DAY), 123, 61, 34, 3435000, 492344),
(2, DATE_SUB(now(), INTERVAL 23 DAY), 155, 16, 12, 6453000, 645348),
(2, DATE_SUB(now(), INTERVAL 22 DAY), 22, 23, 12, 8605000, 436546),
(2, DATE_SUB(now(), INTERVAL 21 DAY), 68, 56, 33, 4325000, 552349),
(2, DATE_SUB(now(), INTERVAL 20 DAY), 43, 34, 20, 3942000, 423420),
(2, DATE_SUB(now(), INTERVAL 19 DAY), 93, 24, 43, 5823000, 295450),
(2, DATE_SUB(now(), INTERVAL 18 DAY), 96, 43, 22, 6033000, 666238),
(2, DATE_SUB(now(), INTERVAL 17 DAY), 68, 65, 27, 1234000, 464530),
(2, DATE_SUB(now(), INTERVAL 16 DAY), 35, 24, 12, 4662000, 324538),
(2, DATE_SUB(now(), INTERVAL 15 DAY), 15, 35, 15, 3645000, 294540),
(2, DATE_SUB(now(), INTERVAL 14 DAY), 99, 65, 30, 3240000, 446530),
(2, DATE_SUB(now(), INTERVAL 13 DAY), 64, 92, 35, 7772000, 545466),
(2, DATE_SUB(now(), INTERVAL 12 DAY), 33, 51, 12, 5734000, 535234),
(2, DATE_SUB(now(), INTERVAL 11 DAY), 51, 56, 28, 7452000, 592348),
(2, DATE_SUB(now(), INTERVAL 10 DAY), 54, 45, 21, 6143000, 454530),
(2, DATE_SUB(now(), INTERVAL 9 DAY), 82, 34, 12, 3645000, 365346),
(2, DATE_SUB(now(), INTERVAL 8 DAY), 91, 56, 10, 1663000, 592434),
(2, DATE_SUB(now(), INTERVAL 7 DAY), 52, 25, 12, 1225000, 395342),
(2, DATE_SUB(now(), INTERVAL 6 DAY), 59, 34, 11, 5104000, 332340),
(2, DATE_SUB(now(), INTERVAL 5 DAY), 47, 56, 21, 4235000, 495346),
(2, DATE_SUB(now(), INTERVAL 4 DAY), 12, 23, 14, 7563000, 293534),
(2, DATE_SUB(now(), INTERVAL 3 DAY), 64, 41, 16, 8534000, 483424),
(2, DATE_SUB(now(), INTERVAL 2 DAY), 45, 54, 8, 945000, 465632),
(2, DATE_SUB(now(), INTERVAL 1 DAY), 55, 55, 34, 5653000, 634428),
(12, DATE_SUB(now(), INTERVAL 13 DAY), 54, 22, 5, 6772000, 445466),
(12, DATE_SUB(now(), INTERVAL 12 DAY), 23, 11, 6, 4734000, 435234),
(12, DATE_SUB(now(), INTERVAL 11 DAY), 41, 36, 14, 6452000, 392348),
(12, DATE_SUB(now(), INTERVAL 10 DAY), 44, 35, 14, 4143000, 254530),
(12, DATE_SUB(now(), INTERVAL 9 DAY), 72, 34, 12, 1645000, 165346),
(12, DATE_SUB(now(), INTERVAL 8 DAY), 81, 36, 10, 663000, 292434),
(12, DATE_SUB(now(), INTERVAL 7 DAY), 42, 25, 6, 225000, 95342),
(12, DATE_SUB(now(), INTERVAL 6 DAY), 49, 24, 8, 4104000, 232340),
(12, DATE_SUB(now(), INTERVAL 5 DAY), 37, 26, 12, 3235000, 395346),
(12, DATE_SUB(now(), INTERVAL 4 DAY), 25, 15, 8, 6563000, 193534),
(12, DATE_SUB(now(), INTERVAL 3 DAY), 54, 31, 12, 3534000, 283424),
(12, DATE_SUB(now(), INTERVAL 2 DAY), 35, 24, 8, 745000, 165632),
(12, DATE_SUB(now(), INTERVAL 1 DAY), 45, 25, 12, 3653000, 334428),
(13, DATE_SUB(now(), INTERVAL 14 DAY), 799, 65, 12, 1750000, 241800),
(13, DATE_SUB(now(), INTERVAL 13 DAY), 594, 64, 29, 2209000, 379056),
(13, DATE_SUB(now(), INTERVAL 12 DAY), 234, 41, 2, 6854000, 285144),
(13, DATE_SUB(now(), INTERVAL 11 DAY), 418, 67, 7, 5596000, 528488),
(13, DATE_SUB(now(), INTERVAL 10 DAY), 404, 35, 1, 4278000, 341800),
(13, DATE_SUB(now(), INTERVAL 9 DAY), 712, 44, 3, 1859000, 262336),
(13, DATE_SUB(now(), INTERVAL 8 DAY), 491, 36, 3, 1713000, 321264),
(13, DATE_SUB(now(), INTERVAL 7 DAY), 452, 53, 21, 446000, 55112),
(13, DATE_SUB(now(), INTERVAL 6 DAY), 859, 25, 12, 1260000, 197320),
(13, DATE_SUB(now(), INTERVAL 5 DAY), 647, 49, 25, 2307000, 470696),
(13, DATE_SUB(now(), INTERVAL 4 DAY), 142, 31, 26, 5790000, 268424),
(13, DATE_SUB(now(), INTERVAL 3 DAY), 504, 21, 16, 5620000, 112904),
(13, DATE_SUB(now(), INTERVAL 2 DAY), 350, 43, 8, 249000, 27352),
(13, DATE_SUB(now(), INTERVAL 1 DAY), 435, 67, 34, 4844000, 200728),
(15, DATE_SUB(now(), INTERVAL 31 DAY), 990, 82, 44, 3642760, 871095),
(15, DATE_SUB(now(), INTERVAL 30 DAY), 131, 76, 1, 3285731, 923741),
(15, DATE_SUB(now(), INTERVAL 29 DAY), 124, 63, 4, 5643342, 438984),
(15, DATE_SUB(now(), INTERVAL 28 DAY), 369, 79, 33, 4577606, 391262),
(15, DATE_SUB(now(), INTERVAL 27 DAY), 269, 69, 23, 3718868, 483481),
(15, DATE_SUB(now(), INTERVAL 26 DAY), 492, 73, 25, 3696198, 172497),
(15, DATE_SUB(now(), INTERVAL 25 DAY), 683, 78, 38, 3648598, 105301),
(15, DATE_SUB(now(), INTERVAL 24 DAY), 350, 81, 48, 5723568, 677806),
(15, DATE_SUB(now(), INTERVAL 23 DAY), 420, 70, 24, 3466726, 390476),
(15, DATE_SUB(now(), INTERVAL 22 DAY), 497, 86, 47, 1227041, 273443),
(15, DATE_SUB(now(), INTERVAL 21 DAY), 117, 81, 50, 5232489, 437893),
(15, DATE_SUB(now(), INTERVAL 20 DAY), 664, 57, 50, 2366658, 441777),
(15, DATE_SUB(now(), INTERVAL 19 DAY), 902, 86, 33, 2441728, 488565),
(15, DATE_SUB(now(), INTERVAL 18 DAY), 926, 69, 45, 3655428, 861198),
(15, DATE_SUB(now(), INTERVAL 17 DAY), 631, 85, 25, 5131444, 757692),
(15, DATE_SUB(now(), INTERVAL 16 DAY), 979, 83, 42, 5132886, 348570),
(15, DATE_SUB(now(), INTERVAL 15 DAY), 505, 62, 16, 3623682, 762196),
(15, DATE_SUB(now(), INTERVAL 14 DAY), 899, 72, 35, 1029088, 902615),
(15, DATE_SUB(now(), INTERVAL 13 DAY), 323, 59, 32, 2686105, 629539),
(15, DATE_SUB(now(), INTERVAL 12 DAY), 593, 51, 38, 3486213, 616000),
(15, DATE_SUB(now(), INTERVAL 11 DAY), 850, 98, 11, 3670804, 834566),
(15, DATE_SUB(now(), INTERVAL 10 DAY), 746, 96, 1, 4031729, 140172),
(15, DATE_SUB(now(), INTERVAL 9 DAY), 942, 59, 20, 3682998, 871496),
(15, DATE_SUB(now(), INTERVAL 8 DAY), 167, 94, 1, 3788233, 792251),
(15, DATE_SUB(now(), INTERVAL 7 DAY), 445, 96, 6, 5070293, 588878),
(15, DATE_SUB(now(), INTERVAL 6 DAY), 372, 99, 5, 2893226, 367821),
(15, DATE_SUB(now(), INTERVAL 5 DAY), 309, 80, 36, 5567109, 214151),
(15, DATE_SUB(now(), INTERVAL 4 DAY), 806, 77, 28, 4374525, 388164),
(15, DATE_SUB(now(), INTERVAL 3 DAY), 299, 84, 29, 4810272, 282439),
(15, DATE_SUB(now(), INTERVAL 2 DAY), 667, 66, 24, 4652239, 310825),
(15, DATE_SUB(now(), INTERVAL 1 DAY), 462, 78, 12, 1355623, 294346),
(16, DATE_SUB(now(), INTERVAL 31 DAY), 569, 71, 47, 3622118, 902367),
(16, DATE_SUB(now(), INTERVAL 30 DAY), 229, 86, 17, 5634404, 607442),
(16, DATE_SUB(now(), INTERVAL 29 DAY), 402, 64, 10, 2550796, 939000),
(16, DATE_SUB(now(), INTERVAL 28 DAY), 701, 56, 42, 1319876, 825423),
(16, DATE_SUB(now(), INTERVAL 27 DAY), 776, 67, 44, 2664398, 656634),
(16, DATE_SUB(now(), INTERVAL 26 DAY), 385, 53, 33, 2050605, 622314),
(16, DATE_SUB(now(), INTERVAL 25 DAY), 343, 72, 10, 5812822, 785941),
(16, DATE_SUB(now(), INTERVAL 24 DAY), 514, 81, 27, 1342882, 418616),
(16, DATE_SUB(now(), INTERVAL 23 DAY), 909, 85, 20, 3862778, 405549),
(16, DATE_SUB(now(), INTERVAL 22 DAY), 774, 54, 31, 5935960, 546755),
(16, DATE_SUB(now(), INTERVAL 21 DAY), 693, 71, 30, 1493450, 556025),
(16, DATE_SUB(now(), INTERVAL 20 DAY), 235, 60, 45, 4481753, 150359),
(16, DATE_SUB(now(), INTERVAL 19 DAY), 501, 62, 17, 4304035, 235520),
(16, DATE_SUB(now(), INTERVAL 18 DAY), 767, 86, 22, 1521104, 740617),
(16, DATE_SUB(now(), INTERVAL 17 DAY), 672, 74, 16, 2485144, 767135),
(16, DATE_SUB(now(), INTERVAL 16 DAY), 360, 100, 34, 3412896, 891003),
(16, DATE_SUB(now(), INTERVAL 15 DAY), 202, 56, 12, 1078976, 801634),
(16, DATE_SUB(now(), INTERVAL 14 DAY), 240, 100, 26, 1229638, 202994),
(16, DATE_SUB(now(), INTERVAL 13 DAY), 936, 80, 22, 5598224, 214790),
(16, DATE_SUB(now(), INTERVAL 12 DAY), 207, 93, 11, 4408920, 479333),
(16, DATE_SUB(now(), INTERVAL 11 DAY), 334, 83, 22, 5765303, 198636),
(16, DATE_SUB(now(), INTERVAL 10 DAY), 292, 58, 36, 2720027, 863311),
(16, DATE_SUB(now(), INTERVAL 9 DAY), 656, 89, 19, 2638722, 995713),
(16, DATE_SUB(now(), INTERVAL 8 DAY), 239, 97, 39, 2204348, 219116),
(16, DATE_SUB(now(), INTERVAL 7 DAY), 190, 63, 36, 3638372, 414787),
(16, DATE_SUB(now(), INTERVAL 6 DAY), 258, 98, 23, 4860601, 535660),
(16, DATE_SUB(now(), INTERVAL 5 DAY), 531, 77, 22, 3506749, 530700),
(16, DATE_SUB(now(), INTERVAL 4 DAY), 407, 56, 21, 4113847, 330635),
(16, DATE_SUB(now(), INTERVAL 3 DAY), 935, 99, 48, 1292033, 787542),
(16, DATE_SUB(now(), INTERVAL 2 DAY), 679, 58, 39, 1495635, 849150),
(16, DATE_SUB(now(), INTERVAL 1 DAY), 268, 56, 33, 3554844, 894317),
(17, DATE_SUB(now(), INTERVAL 31 DAY), 290, 66, 43, 4920182, 399845),
(17, DATE_SUB(now(), INTERVAL 30 DAY), 476, 64, 43, 3339563, 598556),
(17, DATE_SUB(now(), INTERVAL 29 DAY), 798, 86, 22, 5903649, 241462),
(17, DATE_SUB(now(), INTERVAL 28 DAY), 904, 77, 41, 3588264, 626982),
(17, DATE_SUB(now(), INTERVAL 27 DAY), 782, 69, 36, 4086192, 853573),
(17, DATE_SUB(now(), INTERVAL 26 DAY), 243, 97, 4, 5847439, 954964),
(17, DATE_SUB(now(), INTERVAL 25 DAY), 457, 76, 16, 1246091, 767156),
(17, DATE_SUB(now(), INTERVAL 24 DAY), 583, 64, 43, 3782514, 333569),
(17, DATE_SUB(now(), INTERVAL 23 DAY), 287, 67, 46, 3831975, 738673),
(17, DATE_SUB(now(), INTERVAL 22 DAY), 309, 67, 23, 2421496, 356282),
(17, DATE_SUB(now(), INTERVAL 21 DAY), 391, 52, 11, 1697102, 667803),
(17, DATE_SUB(now(), INTERVAL 20 DAY), 120, 100, 15, 5837681, 773343),
(17, DATE_SUB(now(), INTERVAL 19 DAY), 399, 81, 35, 4216995, 521985),
(17, DATE_SUB(now(), INTERVAL 18 DAY), 324, 96, 18, 4665065, 972168),
(17, DATE_SUB(now(), INTERVAL 17 DAY), 316, 67, 9, 1119474, 271632),
(17, DATE_SUB(now(), INTERVAL 16 DAY), 207, 82, 21, 2827321, 710449),
(17, DATE_SUB(now(), INTERVAL 15 DAY), 291, 82, 9, 5256959, 254115),
(17, DATE_SUB(now(), INTERVAL 14 DAY), 526, 62, 10, 3135191, 283545),
(17, DATE_SUB(now(), INTERVAL 13 DAY), 138, 95, 13, 5462051, 572611),
(17, DATE_SUB(now(), INTERVAL 12 DAY), 619, 67, 42, 4802672, 222073),
(17, DATE_SUB(now(), INTERVAL 11 DAY), 279, 76, 35, 4525277, 315466),
(17, DATE_SUB(now(), INTERVAL 10 DAY), 443, 87, 1, 2152149, 451724),
(17, DATE_SUB(now(), INTERVAL 9 DAY), 449, 56, 18, 5193389, 719131),
(17, DATE_SUB(now(), INTERVAL 8 DAY), 236, 57, 19, 5877514, 245037),
(17, DATE_SUB(now(), INTERVAL 7 DAY), 138, 97, 41, 2206303, 619114),
(17, DATE_SUB(now(), INTERVAL 6 DAY), 164, 65, 48, 5963131, 581357),
(17, DATE_SUB(now(), INTERVAL 5 DAY), 137, 77, 14, 5746965, 371451),
(17, DATE_SUB(now(), INTERVAL 4 DAY), 251, 52, 49, 5072358, 151339),
(17, DATE_SUB(now(), INTERVAL 3 DAY), 549, 91, 21, 4912063, 749254),
(17, DATE_SUB(now(), INTERVAL 2 DAY), 501, 63, 50, 3448133, 287360),
(17, DATE_SUB(now(), INTERVAL 1 DAY), 755, 99, 26, 3346234, 403103),
(18, DATE_SUB(now(), INTERVAL 31 DAY), 655, 88, 35, 2202465, 549282),
(18, DATE_SUB(now(), INTERVAL 30 DAY), 718, 59, 4, 2298433, 108898),
(18, DATE_SUB(now(), INTERVAL 29 DAY), 402, 100, 16, 1531824, 227055),
(18, DATE_SUB(now(), INTERVAL 28 DAY), 426, 53, 18, 2246815, 858181),
(18, DATE_SUB(now(), INTERVAL 27 DAY), 962, 57, 16, 3823742, 108846),
(18, DATE_SUB(now(), INTERVAL 26 DAY), 329, 98, 44, 3997653, 955602),
(18, DATE_SUB(now(), INTERVAL 25 DAY), 633, 67, 38, 4633292, 905726),
(18, DATE_SUB(now(), INTERVAL 24 DAY), 640, 97, 11, 1925123, 242497),
(18, DATE_SUB(now(), INTERVAL 23 DAY), 349, 97, 43, 1503957, 404759),
(18, DATE_SUB(now(), INTERVAL 22 DAY), 913, 54, 33, 4378251, 747194),
(18, DATE_SUB(now(), INTERVAL 21 DAY), 496, 74, 12, 3145519, 692428),
(18, DATE_SUB(now(), INTERVAL 20 DAY), 602, 71, 14, 2953693, 892053),
(18, DATE_SUB(now(), INTERVAL 19 DAY), 529, 61, 43, 2851558, 983043),
(18, DATE_SUB(now(), INTERVAL 18 DAY), 217, 69, 8, 4517510, 440595),
(18, DATE_SUB(now(), INTERVAL 17 DAY), 530, 74, 31, 5492417, 463646),
(18, DATE_SUB(now(), INTERVAL 16 DAY), 217, 96, 33, 5963500, 351732),
(18, DATE_SUB(now(), INTERVAL 15 DAY), 804, 53, 33, 2159221, 353417),
(18, DATE_SUB(now(), INTERVAL 14 DAY), 489, 95, 14, 3738996, 408233),
(18, DATE_SUB(now(), INTERVAL 13 DAY), 160, 72, 1, 5032882, 393770),
(18, DATE_SUB(now(), INTERVAL 12 DAY), 469, 57, 40, 2290915, 651392),
(18, DATE_SUB(now(), INTERVAL 11 DAY), 804, 90, 7, 5636959, 453887),
(18, DATE_SUB(now(), INTERVAL 10 DAY), 923, 63, 27, 2209991, 331410),
(18, DATE_SUB(now(), INTERVAL 9 DAY), 406, 82, 25, 3178974, 240080),
(18, DATE_SUB(now(), INTERVAL 8 DAY), 564, 80, 43, 2706169, 833735),
(18, DATE_SUB(now(), INTERVAL 7 DAY), 572, 68, 1, 5244718, 585367),
(18, DATE_SUB(now(), INTERVAL 6 DAY), 260, 71, 13, 5686779, 919080),
(18, DATE_SUB(now(), INTERVAL 5 DAY), 315, 91, 28, 5526896, 992343),
(18, DATE_SUB(now(), INTERVAL 4 DAY), 425, 51, 48, 1639339, 713236),
(18, DATE_SUB(now(), INTERVAL 3 DAY), 460, 73, 30, 3268214, 538295),
(18, DATE_SUB(now(), INTERVAL 2 DAY), 668, 97, 20, 4623961, 603602),
(18, DATE_SUB(now(), INTERVAL 1 DAY), 972, 71, 48, 3074183, 222278),
(19, DATE_SUB(now(), INTERVAL 31 DAY), 156, 61, 27, 3633699, 955685),
(19, DATE_SUB(now(), INTERVAL 30 DAY), 785, 79, 10, 1915391, 353841),
(19, DATE_SUB(now(), INTERVAL 29 DAY), 927, 87, 35, 4854815, 601523),
(19, DATE_SUB(now(), INTERVAL 28 DAY), 257, 99, 10, 2350279, 779417),
(19, DATE_SUB(now(), INTERVAL 27 DAY), 328, 68, 11, 3209229, 942273),
(19, DATE_SUB(now(), INTERVAL 26 DAY), 350, 82, 49, 1232172, 518479),
(19, DATE_SUB(now(), INTERVAL 25 DAY), 753, 60, 47, 4447358, 750743),
(19, DATE_SUB(now(), INTERVAL 24 DAY), 871, 61, 23, 3786766, 325160),
(19, DATE_SUB(now(), INTERVAL 23 DAY), 309, 52, 15, 2759127, 761755),
(19, DATE_SUB(now(), INTERVAL 22 DAY), 561, 85, 49, 4664498, 754597),
(19, DATE_SUB(now(), INTERVAL 21 DAY), 799, 69, 13, 3725994, 850334),
(19, DATE_SUB(now(), INTERVAL 20 DAY), 213, 67, 49, 1615120, 321106),
(19, DATE_SUB(now(), INTERVAL 19 DAY), 231, 79, 46, 3250519, 677257),
(19, DATE_SUB(now(), INTERVAL 18 DAY), 242, 79, 14, 5608778, 154556),
(19, DATE_SUB(now(), INTERVAL 17 DAY), 536, 73, 6, 3936183, 967948),
(19, DATE_SUB(now(), INTERVAL 16 DAY), 637, 61, 33, 2722086, 375928),
(19, DATE_SUB(now(), INTERVAL 15 DAY), 729, 78, 3, 2872267, 935911),
(19, DATE_SUB(now(), INTERVAL 14 DAY), 936, 74, 50, 3621333, 657138),
(19, DATE_SUB(now(), INTERVAL 13 DAY), 299, 83, 35, 3834858, 137742),
(19, DATE_SUB(now(), INTERVAL 12 DAY), 210, 100, 28, 1684525, 155559),
(19, DATE_SUB(now(), INTERVAL 11 DAY), 273, 72, 9, 1362547, 709359),
(19, DATE_SUB(now(), INTERVAL 10 DAY), 717, 53, 23, 1832294, 978063),
(19, DATE_SUB(now(), INTERVAL 9 DAY), 135, 56, 7, 2188099, 837470),
(19, DATE_SUB(now(), INTERVAL 8 DAY), 163, 82, 35, 1016138, 433241),
(19, DATE_SUB(now(), INTERVAL 7 DAY), 530, 89, 32, 4374981, 761751),
(19, DATE_SUB(now(), INTERVAL 6 DAY), 982, 89, 39, 3139601, 232648),
(19, DATE_SUB(now(), INTERVAL 5 DAY), 386, 60, 50, 4982830, 196616),
(19, DATE_SUB(now(), INTERVAL 4 DAY), 172, 90, 14, 1124724, 678290),
(19, DATE_SUB(now(), INTERVAL 3 DAY), 640, 71, 12, 1208434, 191643),
(19, DATE_SUB(now(), INTERVAL 2 DAY), 339, 89, 47, 5854229, 219769),
(19, DATE_SUB(now(), INTERVAL 1 DAY), 933, 86, 8, 1005695, 404157),
(20, DATE_SUB(now(), INTERVAL 31 DAY), 371, 79, 20, 4203464, 772780),
(20, DATE_SUB(now(), INTERVAL 30 DAY), 463, 97, 11, 3877446, 862517),
(20, DATE_SUB(now(), INTERVAL 29 DAY), 309, 59, 9, 5334630, 133786),
(20, DATE_SUB(now(), INTERVAL 28 DAY), 167, 62, 16, 4878460, 121943),
(20, DATE_SUB(now(), INTERVAL 27 DAY), 614, 72, 49, 2562396, 883199),
(20, DATE_SUB(now(), INTERVAL 26 DAY), 966, 80, 6, 3458364, 538975),
(20, DATE_SUB(now(), INTERVAL 25 DAY), 742, 58, 23, 5187848, 320907),
(20, DATE_SUB(now(), INTERVAL 24 DAY), 682, 52, 36, 4086880, 524754),
(20, DATE_SUB(now(), INTERVAL 23 DAY), 746, 59, 36, 3600391, 333319),
(20, DATE_SUB(now(), INTERVAL 22 DAY), 594, 56, 40, 2716040, 209178),
(20, DATE_SUB(now(), INTERVAL 21 DAY), 331, 76, 16, 1483753, 793696),
(20, DATE_SUB(now(), INTERVAL 20 DAY), 128, 58, 24, 5433619, 857375),
(20, DATE_SUB(now(), INTERVAL 19 DAY), 645, 64, 46, 3341353, 334296),
(20, DATE_SUB(now(), INTERVAL 18 DAY), 213, 65, 3, 3429312, 905257),
(20, DATE_SUB(now(), INTERVAL 17 DAY), 546, 95, 17, 3210495, 233897),
(20, DATE_SUB(now(), INTERVAL 16 DAY), 197, 85, 8, 5945409, 519225),
(20, DATE_SUB(now(), INTERVAL 15 DAY), 226, 66, 24, 4395598, 575037),
(20, DATE_SUB(now(), INTERVAL 14 DAY), 598, 100, 6, 1221627, 756285),
(20, DATE_SUB(now(), INTERVAL 13 DAY), 590, 96, 42, 3423052, 932282),
(20, DATE_SUB(now(), INTERVAL 12 DAY), 622, 54, 15, 2738517, 830786),
(20, DATE_SUB(now(), INTERVAL 11 DAY), 898, 100, 32, 3248695, 315710),
(20, DATE_SUB(now(), INTERVAL 10 DAY), 230, 58, 30, 5756434, 462083),
(20, DATE_SUB(now(), INTERVAL 9 DAY), 226, 62, 5, 2470421, 670046),
(20, DATE_SUB(now(), INTERVAL 8 DAY), 852, 68, 49, 3452082, 964541),
(20, DATE_SUB(now(), INTERVAL 7 DAY), 969, 73, 50, 4584920, 416307),
(20, DATE_SUB(now(), INTERVAL 6 DAY), 585, 86, 22, 5403137, 658728),
(20, DATE_SUB(now(), INTERVAL 5 DAY), 366, 73, 11, 3533436, 823876),
(20, DATE_SUB(now(), INTERVAL 4 DAY), 776, 64, 26, 2896118, 181087),
(20, DATE_SUB(now(), INTERVAL 3 DAY), 304, 62, 35, 4089260, 796987),
(20, DATE_SUB(now(), INTERVAL 2 DAY), 397, 51, 36, 5746364, 811216),
(20, DATE_SUB(now(), INTERVAL 1 DAY), 500, 84, 34, 4926153, 379845),
(21, DATE_SUB(now(), INTERVAL 31 DAY), 461, 98, 12, 1513058, 844293),
(21, DATE_SUB(now(), INTERVAL 30 DAY), 840, 88, 22, 5386088, 941279),
(21, DATE_SUB(now(), INTERVAL 29 DAY), 720, 74, 33, 3454083, 588875),
(21, DATE_SUB(now(), INTERVAL 28 DAY), 530, 91, 14, 5075831, 284553),
(21, DATE_SUB(now(), INTERVAL 27 DAY), 750, 98, 17, 3790378, 708093),
(21, DATE_SUB(now(), INTERVAL 26 DAY), 690, 100, 26, 5592191, 511461),
(21, DATE_SUB(now(), INTERVAL 25 DAY), 671, 100, 29, 5591858, 831392),
(21, DATE_SUB(now(), INTERVAL 24 DAY), 545, 83, 46, 5959939, 634015),
(21, DATE_SUB(now(), INTERVAL 23 DAY), 789, 53, 27, 4296452, 237445),
(21, DATE_SUB(now(), INTERVAL 22 DAY), 903, 69, 5, 4679313, 180572),
(21, DATE_SUB(now(), INTERVAL 21 DAY), 929, 76, 32, 1140386, 651504),
(21, DATE_SUB(now(), INTERVAL 20 DAY), 485, 53, 12, 3493874, 655167),
(21, DATE_SUB(now(), INTERVAL 19 DAY), 643, 93, 49, 4142362, 462270),
(21, DATE_SUB(now(), INTERVAL 18 DAY), 593, 96, 49, 1511636, 814821),
(21, DATE_SUB(now(), INTERVAL 17 DAY), 968, 71, 25, 3736130, 400264),
(21, DATE_SUB(now(), INTERVAL 16 DAY), 211, 70, 4, 3876297, 464120),
(21, DATE_SUB(now(), INTERVAL 15 DAY), 138, 82, 26, 1094051, 829091),
(21, DATE_SUB(now(), INTERVAL 14 DAY), 571, 75, 19, 5770348, 576911),
(21, DATE_SUB(now(), INTERVAL 13 DAY), 163, 100, 16, 4850357, 903973),
(21, DATE_SUB(now(), INTERVAL 12 DAY), 489, 64, 50, 5805488, 942983),
(21, DATE_SUB(now(), INTERVAL 11 DAY), 658, 54, 44, 3852389, 378532),
(21, DATE_SUB(now(), INTERVAL 10 DAY), 194, 64, 7, 2426585, 386628),
(21, DATE_SUB(now(), INTERVAL 9 DAY), 619, 51, 36, 2622058, 381789),
(21, DATE_SUB(now(), INTERVAL 8 DAY), 497, 77, 33, 4080953, 498933),
(21, DATE_SUB(now(), INTERVAL 7 DAY), 122, 80, 24, 1220898, 280023),
(21, DATE_SUB(now(), INTERVAL 6 DAY), 649, 78, 18, 5746173, 255166),
(21, DATE_SUB(now(), INTERVAL 5 DAY), 692, 75, 30, 1502553, 609575),
(21, DATE_SUB(now(), INTERVAL 4 DAY), 585, 64, 9, 2512360, 709132),
(21, DATE_SUB(now(), INTERVAL 3 DAY), 628, 87, 2, 5703982, 546090),
(21, DATE_SUB(now(), INTERVAL 2 DAY), 972, 81, 4, 4182506, 320428),
(21, DATE_SUB(now(), INTERVAL 1 DAY), 856, 57, 40, 5789419, 861380),
(22, DATE_SUB(now(), INTERVAL 31 DAY), 411, 88, 33, 4660761, 267206),
(22, DATE_SUB(now(), INTERVAL 30 DAY), 645, 91, 13, 1276459, 631890),
(22, DATE_SUB(now(), INTERVAL 29 DAY), 904, 73, 23, 4941183, 675439),
(22, DATE_SUB(now(), INTERVAL 28 DAY), 335, 61, 29, 3346121, 889501),
(22, DATE_SUB(now(), INTERVAL 27 DAY), 579, 88, 33, 5664182, 804072),
(22, DATE_SUB(now(), INTERVAL 26 DAY), 248, 51, 21, 1409455, 321614),
(22, DATE_SUB(now(), INTERVAL 25 DAY), 412, 90, 28, 3192828, 983103),
(22, DATE_SUB(now(), INTERVAL 24 DAY), 548, 87, 44, 2044716, 925330),
(22, DATE_SUB(now(), INTERVAL 23 DAY), 777, 83, 7, 4920033, 982444),
(22, DATE_SUB(now(), INTERVAL 22 DAY), 143, 85, 35, 1370478, 764523),
(22, DATE_SUB(now(), INTERVAL 21 DAY), 764, 79, 42, 3396334, 638197),
(22, DATE_SUB(now(), INTERVAL 20 DAY), 462, 70, 28, 4658823, 443256),
(22, DATE_SUB(now(), INTERVAL 19 DAY), 816, 61, 44, 1208530, 141702),
(22, DATE_SUB(now(), INTERVAL 18 DAY), 167, 79, 2, 5371964, 690428),
(22, DATE_SUB(now(), INTERVAL 17 DAY), 997, 78, 14, 4628459, 243765),
(22, DATE_SUB(now(), INTERVAL 16 DAY), 205, 70, 14, 2745895, 889529),
(22, DATE_SUB(now(), INTERVAL 15 DAY), 393, 61, 49, 4614248, 324221),
(22, DATE_SUB(now(), INTERVAL 14 DAY), 436, 79, 47, 2642197, 478606),
(22, DATE_SUB(now(), INTERVAL 13 DAY), 141, 84, 16, 3971468, 466157),
(22, DATE_SUB(now(), INTERVAL 12 DAY), 284, 70, 10, 5812879, 348174),
(22, DATE_SUB(now(), INTERVAL 11 DAY), 513, 79, 41, 4617980, 593735),
(22, DATE_SUB(now(), INTERVAL 10 DAY), 842, 65, 1, 5819020, 702983),
(22, DATE_SUB(now(), INTERVAL 9 DAY), 767, 99, 46, 4577724, 377241),
(22, DATE_SUB(now(), INTERVAL 8 DAY), 645, 51, 43, 4534386, 566539),
(22, DATE_SUB(now(), INTERVAL 7 DAY), 253, 75, 32, 5201633, 399580),
(22, DATE_SUB(now(), INTERVAL 6 DAY), 357, 83, 43, 1224348, 936229),
(22, DATE_SUB(now(), INTERVAL 5 DAY), 149, 85, 21, 4108784, 306239),
(22, DATE_SUB(now(), INTERVAL 4 DAY), 827, 87, 28, 5013696, 144157),
(22, DATE_SUB(now(), INTERVAL 3 DAY), 863, 98, 7, 4941589, 820205),
(22, DATE_SUB(now(), INTERVAL 2 DAY), 374, 55, 8, 1067733, 759984),
(22, DATE_SUB(now(), INTERVAL 1 DAY), 436, 53, 34, 3669191, 443989),
(23, DATE_SUB(now(), INTERVAL 31 DAY), 675, 76, 12, 5313643, 512781),
(23, DATE_SUB(now(), INTERVAL 30 DAY), 300, 57, 8, 5345161, 926344),
(23, DATE_SUB(now(), INTERVAL 29 DAY), 496, 86, 1, 5778188, 929538),
(23, DATE_SUB(now(), INTERVAL 28 DAY), 713, 71, 18, 3793983, 781851),
(23, DATE_SUB(now(), INTERVAL 27 DAY), 126, 64, 5, 4877353, 582435),
(23, DATE_SUB(now(), INTERVAL 26 DAY), 247, 75, 42, 2716254, 662613),
(23, DATE_SUB(now(), INTERVAL 25 DAY), 982, 71, 17, 4491442, 814871),
(23, DATE_SUB(now(), INTERVAL 24 DAY), 543, 78, 9, 3529906, 508864),
(23, DATE_SUB(now(), INTERVAL 23 DAY), 767, 56, 4, 1799900, 920983),
(23, DATE_SUB(now(), INTERVAL 22 DAY), 184, 75, 8, 1701008, 777115),
(23, DATE_SUB(now(), INTERVAL 21 DAY), 978, 54, 19, 5504921, 736248),
(23, DATE_SUB(now(), INTERVAL 20 DAY), 794, 71, 15, 5064608, 368315),
(23, DATE_SUB(now(), INTERVAL 19 DAY), 609, 88, 6, 2557462, 904337),
(23, DATE_SUB(now(), INTERVAL 18 DAY), 693, 81, 11, 2935881, 575832),
(23, DATE_SUB(now(), INTERVAL 17 DAY), 903, 81, 22, 2574971, 471427),
(23, DATE_SUB(now(), INTERVAL 16 DAY), 511, 79, 15, 4059283, 848957),
(23, DATE_SUB(now(), INTERVAL 15 DAY), 611, 53, 32, 4788622, 459342),
(23, DATE_SUB(now(), INTERVAL 14 DAY), 573, 87, 22, 5795174, 622351),
(23, DATE_SUB(now(), INTERVAL 13 DAY), 385, 89, 35, 5048395, 577789),
(23, DATE_SUB(now(), INTERVAL 12 DAY), 267, 61, 11, 5958756, 315237),
(23, DATE_SUB(now(), INTERVAL 11 DAY), 230, 86, 32, 4068322, 106176),
(23, DATE_SUB(now(), INTERVAL 10 DAY), 909, 82, 28, 4531290, 144676),
(23, DATE_SUB(now(), INTERVAL 9 DAY), 996, 70, 22, 3832327, 567604),
(23, DATE_SUB(now(), INTERVAL 8 DAY), 109, 82, 37, 4738500, 935303),
(23, DATE_SUB(now(), INTERVAL 7 DAY), 805, 83, 6, 1221758, 101678),
(23, DATE_SUB(now(), INTERVAL 6 DAY), 414, 67, 43, 5724557, 337518),
(23, DATE_SUB(now(), INTERVAL 5 DAY), 597, 76, 32, 5813205, 701817),
(23, DATE_SUB(now(), INTERVAL 4 DAY), 777, 83, 21, 2331141, 193432),
(23, DATE_SUB(now(), INTERVAL 3 DAY), 284, 78, 43, 5772413, 220857),
(23, DATE_SUB(now(), INTERVAL 2 DAY), 836, 65, 33, 4809980, 455782),
(23, DATE_SUB(now(), INTERVAL 1 DAY), 277, 71, 1, 3957295, 834202),
(24, DATE_SUB(now(), INTERVAL 31 DAY), 188, 88, 6, 3449336, 286402),
(24, DATE_SUB(now(), INTERVAL 30 DAY), 701, 87, 24, 4710873, 113022),
(24, DATE_SUB(now(), INTERVAL 29 DAY), 667, 87, 32, 5621285, 444487),
(24, DATE_SUB(now(), INTERVAL 28 DAY), 747, 63, 24, 3892440, 789139),
(24, DATE_SUB(now(), INTERVAL 27 DAY), 326, 83, 28, 3994637, 643392),
(24, DATE_SUB(now(), INTERVAL 26 DAY), 545, 55, 13, 4475342, 683516),
(24, DATE_SUB(now(), INTERVAL 25 DAY), 763, 71, 1, 2881201, 555918),
(24, DATE_SUB(now(), INTERVAL 24 DAY), 150, 65, 13, 3647218, 808140),
(24, DATE_SUB(now(), INTERVAL 23 DAY), 766, 86, 23, 5862294, 484644),
(24, DATE_SUB(now(), INTERVAL 22 DAY), 619, 71, 16, 3270839, 197067),
(24, DATE_SUB(now(), INTERVAL 21 DAY), 375, 94, 5, 3135133, 226293),
(24, DATE_SUB(now(), INTERVAL 20 DAY), 296, 98, 49, 5479435, 393430),
(24, DATE_SUB(now(), INTERVAL 19 DAY), 945, 54, 25, 5447434, 234200),
(24, DATE_SUB(now(), INTERVAL 18 DAY), 314, 93, 39, 4772315, 591431),
(24, DATE_SUB(now(), INTERVAL 17 DAY), 382, 97, 22, 4772073, 325944),
(24, DATE_SUB(now(), INTERVAL 16 DAY), 557, 53, 22, 4659995, 517409),
(24, DATE_SUB(now(), INTERVAL 15 DAY), 415, 62, 7, 1398135, 558591),
(24, DATE_SUB(now(), INTERVAL 14 DAY), 311, 92, 16, 2281008, 872925),
(24, DATE_SUB(now(), INTERVAL 13 DAY), 295, 96, 31, 4028037, 251316),
(24, DATE_SUB(now(), INTERVAL 12 DAY), 496, 70, 49, 5090246, 727462),
(24, DATE_SUB(now(), INTERVAL 11 DAY), 398, 99, 48, 2989047, 115666),
(24, DATE_SUB(now(), INTERVAL 10 DAY), 690, 63, 6, 3166526, 644282),
(24, DATE_SUB(now(), INTERVAL 9 DAY), 223, 63, 34, 3482918, 779916),
(24, DATE_SUB(now(), INTERVAL 8 DAY), 603, 85, 49, 2860389, 418025),
(24, DATE_SUB(now(), INTERVAL 7 DAY), 166, 81, 2, 1268239, 206537),
(24, DATE_SUB(now(), INTERVAL 6 DAY), 418, 84, 38, 4057971, 487257),
(24, DATE_SUB(now(), INTERVAL 5 DAY), 257, 78, 50, 1909386, 780323),
(24, DATE_SUB(now(), INTERVAL 4 DAY), 616, 69, 31, 2365114, 576363),
(24, DATE_SUB(now(), INTERVAL 3 DAY), 341, 93, 5, 5331829, 701572),
(24, DATE_SUB(now(), INTERVAL 2 DAY), 933, 90, 29, 2754743, 964755),
(24, DATE_SUB(now(), INTERVAL 1 DAY), 879, 94, 9, 2089318, 425374),
(25, DATE_SUB(now(), INTERVAL 31 DAY), 124, 94, 36, 5364913, 774952),
(25, DATE_SUB(now(), INTERVAL 30 DAY), 701, 99, 39, 1055651, 936235),
(25, DATE_SUB(now(), INTERVAL 29 DAY), 352, 55, 8, 1761668, 346803),
(25, DATE_SUB(now(), INTERVAL 28 DAY), 197, 66, 46, 3132522, 658009),
(25, DATE_SUB(now(), INTERVAL 27 DAY), 543, 86, 33, 1629413, 440208),
(25, DATE_SUB(now(), INTERVAL 26 DAY), 995, 88, 12, 2640148, 816235),
(25, DATE_SUB(now(), INTERVAL 25 DAY), 810, 76, 18, 4773634, 643908),
(25, DATE_SUB(now(), INTERVAL 24 DAY), 238, 68, 7, 5347694, 903937),
(25, DATE_SUB(now(), INTERVAL 23 DAY), 710, 64, 40, 4234622, 627485),
(25, DATE_SUB(now(), INTERVAL 22 DAY), 701, 55, 1, 1248770, 202700),
(25, DATE_SUB(now(), INTERVAL 21 DAY), 121, 72, 44, 1746593, 384689),
(25, DATE_SUB(now(), INTERVAL 20 DAY), 841, 70, 18, 1425897, 318865),
(25, DATE_SUB(now(), INTERVAL 19 DAY), 551, 79, 26, 2286022, 333421),
(25, DATE_SUB(now(), INTERVAL 18 DAY), 532, 92, 43, 1872829, 217647),
(25, DATE_SUB(now(), INTERVAL 17 DAY), 151, 74, 14, 4670737, 663806),
(25, DATE_SUB(now(), INTERVAL 16 DAY), 866, 92, 50, 2221722, 311189),
(25, DATE_SUB(now(), INTERVAL 15 DAY), 405, 91, 34, 3438627, 141035),
(25, DATE_SUB(now(), INTERVAL 14 DAY), 464, 70, 8, 2136969, 761055),
(25, DATE_SUB(now(), INTERVAL 13 DAY), 842, 97, 43, 1060368, 271136),
(25, DATE_SUB(now(), INTERVAL 12 DAY), 987, 53, 34, 1923550, 978530),
(25, DATE_SUB(now(), INTERVAL 11 DAY), 935, 71, 49, 1028969, 714782),
(25, DATE_SUB(now(), INTERVAL 10 DAY), 510, 63, 42, 3819188, 922755),
(25, DATE_SUB(now(), INTERVAL 9 DAY), 903, 89, 5, 1330982, 464325),
(25, DATE_SUB(now(), INTERVAL 8 DAY), 483, 74, 41, 2261737, 293339),
(25, DATE_SUB(now(), INTERVAL 7 DAY), 858, 61, 6, 4328049, 419981),
(25, DATE_SUB(now(), INTERVAL 6 DAY), 623, 95, 24, 3856950, 941581),
(25, DATE_SUB(now(), INTERVAL 5 DAY), 920, 58, 36, 3554343, 752828),
(25, DATE_SUB(now(), INTERVAL 4 DAY), 606, 94, 23, 4118081, 166669),
(25, DATE_SUB(now(), INTERVAL 3 DAY), 901, 81, 4, 1156995, 616778),
(25, DATE_SUB(now(), INTERVAL 2 DAY), 889, 74, 8, 2113411, 376801),
(25, DATE_SUB(now(), INTERVAL 1 DAY), 463, 79, 45, 5385170, 922807),
(26, DATE_SUB(now(), INTERVAL 31 DAY), 824, 95, 50, 2235724, 575933),
(26, DATE_SUB(now(), INTERVAL 30 DAY), 662, 81, 29, 4435349, 842996),
(26, DATE_SUB(now(), INTERVAL 29 DAY), 182, 96, 13, 4559567, 191538),
(26, DATE_SUB(now(), INTERVAL 28 DAY), 406, 61, 28, 1249654, 724553),
(26, DATE_SUB(now(), INTERVAL 27 DAY), 257, 76, 47, 2116256, 107121),
(26, DATE_SUB(now(), INTERVAL 26 DAY), 657, 66, 5, 2875685, 696223),
(26, DATE_SUB(now(), INTERVAL 25 DAY), 961, 88, 12, 5660676, 612564),
(26, DATE_SUB(now(), INTERVAL 24 DAY), 150, 69, 28, 4510811, 520727),
(26, DATE_SUB(now(), INTERVAL 23 DAY), 226, 61, 27, 3009524, 145547),
(26, DATE_SUB(now(), INTERVAL 22 DAY), 443, 86, 29, 3902660, 910584),
(26, DATE_SUB(now(), INTERVAL 21 DAY), 579, 52, 12, 4903492, 105368),
(26, DATE_SUB(now(), INTERVAL 20 DAY), 670, 51, 13, 4695046, 354340),
(26, DATE_SUB(now(), INTERVAL 19 DAY), 829, 77, 24, 4198788, 294874),
(26, DATE_SUB(now(), INTERVAL 18 DAY), 951, 90, 25, 3176602, 740150),
(26, DATE_SUB(now(), INTERVAL 17 DAY), 354, 56, 11, 5187670, 225825),
(26, DATE_SUB(now(), INTERVAL 16 DAY), 121, 66, 38, 4812505, 276952),
(26, DATE_SUB(now(), INTERVAL 15 DAY), 488, 70, 11, 2797394, 465317),
(26, DATE_SUB(now(), INTERVAL 14 DAY), 396, 96, 5, 4272583, 285623),
(26, DATE_SUB(now(), INTERVAL 13 DAY), 837, 84, 3, 4628042, 841477),
(26, DATE_SUB(now(), INTERVAL 12 DAY), 401, 71, 34, 3184792, 839059),
(26, DATE_SUB(now(), INTERVAL 11 DAY), 989, 51, 14, 3115967, 679909),
(26, DATE_SUB(now(), INTERVAL 10 DAY), 440, 79, 22, 4268839, 366005),
(26, DATE_SUB(now(), INTERVAL 9 DAY), 153, 63, 18, 4692306, 976389),
(26, DATE_SUB(now(), INTERVAL 8 DAY), 399, 75, 15, 5927770, 624429),
(26, DATE_SUB(now(), INTERVAL 7 DAY), 399, 63, 26, 2021019, 678190),
(26, DATE_SUB(now(), INTERVAL 6 DAY), 869, 59, 45, 2649697, 515104),
(26, DATE_SUB(now(), INTERVAL 5 DAY), 847, 80, 18, 3135889, 589425),
(26, DATE_SUB(now(), INTERVAL 4 DAY), 513, 62, 18, 2517174, 467074),
(26, DATE_SUB(now(), INTERVAL 3 DAY), 954, 89, 45, 1980326, 836121),
(26, DATE_SUB(now(), INTERVAL 2 DAY), 420, 81, 42, 5540052, 865362),
(26, DATE_SUB(now(), INTERVAL 1 DAY), 307, 81, 23, 2857670, 547426),
(27, DATE_SUB(now(), INTERVAL 31 DAY), 245, 82, 13, 2248413, 661070),
(27, DATE_SUB(now(), INTERVAL 30 DAY), 692, 98, 37, 3290807, 333647),
(27, DATE_SUB(now(), INTERVAL 29 DAY), 535, 59, 1, 3796789, 540997),
(27, DATE_SUB(now(), INTERVAL 28 DAY), 569, 56, 29, 1708512, 763212),
(27, DATE_SUB(now(), INTERVAL 27 DAY), 231, 93, 25, 5847828, 407149),
(27, DATE_SUB(now(), INTERVAL 26 DAY), 578, 76, 28, 5670935, 945859),
(27, DATE_SUB(now(), INTERVAL 25 DAY), 494, 78, 28, 3844443, 207599),
(27, DATE_SUB(now(), INTERVAL 24 DAY), 559, 76, 30, 3483808, 768149),
(27, DATE_SUB(now(), INTERVAL 23 DAY), 951, 76, 5, 5129233, 356006),
(27, DATE_SUB(now(), INTERVAL 22 DAY), 161, 63, 4, 4091586, 580780),
(27, DATE_SUB(now(), INTERVAL 21 DAY), 642, 92, 20, 2308005, 540628),
(27, DATE_SUB(now(), INTERVAL 20 DAY), 713, 93, 18, 4789291, 326890),
(27, DATE_SUB(now(), INTERVAL 19 DAY), 880, 94, 37, 4413921, 132707),
(27, DATE_SUB(now(), INTERVAL 18 DAY), 683, 82, 38, 3385254, 815577),
(27, DATE_SUB(now(), INTERVAL 17 DAY), 921, 84, 27, 2436466, 713739),
(27, DATE_SUB(now(), INTERVAL 16 DAY), 695, 69, 8, 1617215, 368332),
(27, DATE_SUB(now(), INTERVAL 15 DAY), 442, 67, 24, 4597055, 476366),
(27, DATE_SUB(now(), INTERVAL 14 DAY), 974, 79, 34, 1955532, 250680),
(27, DATE_SUB(now(), INTERVAL 13 DAY), 543, 93, 41, 1799147, 743292),
(27, DATE_SUB(now(), INTERVAL 12 DAY), 315, 87, 2, 4806175, 730652),
(27, DATE_SUB(now(), INTERVAL 11 DAY), 405, 89, 21, 4143575, 623977),
(27, DATE_SUB(now(), INTERVAL 10 DAY), 978, 91, 8, 5705698, 828110),
(27, DATE_SUB(now(), INTERVAL 9 DAY), 189, 61, 48, 3208175, 474003),
(27, DATE_SUB(now(), INTERVAL 8 DAY), 274, 62, 32, 5991568, 492205),
(27, DATE_SUB(now(), INTERVAL 7 DAY), 963, 54, 50, 4354968, 204150),
(27, DATE_SUB(now(), INTERVAL 6 DAY), 831, 100, 40, 4072238, 872983),
(27, DATE_SUB(now(), INTERVAL 5 DAY), 184, 99, 7, 1223492, 185728),
(27, DATE_SUB(now(), INTERVAL 4 DAY), 430, 75, 16, 4270020, 291569),
(27, DATE_SUB(now(), INTERVAL 3 DAY), 894, 87, 45, 2551141, 702272),
(27, DATE_SUB(now(), INTERVAL 2 DAY), 943, 91, 12, 3789975, 948870),
(27, DATE_SUB(now(), INTERVAL 1 DAY), 409, 67, 39, 5853935, 428028),
(28, DATE_SUB(now(), INTERVAL 31 DAY), 312, 90, 32, 3446337, 515953),
(28, DATE_SUB(now(), INTERVAL 30 DAY), 807, 96, 48, 4216442, 985509),
(28, DATE_SUB(now(), INTERVAL 29 DAY), 347, 85, 16, 5733375, 538747),
(28, DATE_SUB(now(), INTERVAL 28 DAY), 370, 88, 3, 2131921, 556514),
(28, DATE_SUB(now(), INTERVAL 27 DAY), 813, 99, 26, 5777735, 582135),
(28, DATE_SUB(now(), INTERVAL 26 DAY), 948, 81, 24, 2953330, 838139),
(28, DATE_SUB(now(), INTERVAL 25 DAY), 635, 79, 16, 4172571, 212939),
(28, DATE_SUB(now(), INTERVAL 24 DAY), 826, 75, 31, 2571118, 345156),
(28, DATE_SUB(now(), INTERVAL 23 DAY), 876, 92, 1, 2652524, 912245),
(28, DATE_SUB(now(), INTERVAL 22 DAY), 195, 81, 46, 3824457, 536387),
(28, DATE_SUB(now(), INTERVAL 21 DAY), 307, 79, 33, 5710951, 562617),
(28, DATE_SUB(now(), INTERVAL 20 DAY), 277, 78, 46, 2735804, 261616),
(28, DATE_SUB(now(), INTERVAL 19 DAY), 931, 65, 39, 4028070, 633615),
(28, DATE_SUB(now(), INTERVAL 18 DAY), 897, 52, 32, 5496948, 568059),
(28, DATE_SUB(now(), INTERVAL 17 DAY), 786, 83, 23, 4614021, 148154),
(28, DATE_SUB(now(), INTERVAL 16 DAY), 273, 71, 15, 3664907, 665570),
(28, DATE_SUB(now(), INTERVAL 15 DAY), 316, 85, 41, 2945029, 430788),
(28, DATE_SUB(now(), INTERVAL 14 DAY), 156, 72, 18, 2501342, 961914),
(28, DATE_SUB(now(), INTERVAL 13 DAY), 969, 60, 39, 2279436, 414497),
(28, DATE_SUB(now(), INTERVAL 12 DAY), 122, 95, 35, 1355184, 198116),
(28, DATE_SUB(now(), INTERVAL 11 DAY), 190, 73, 43, 2356117, 656945),
(28, DATE_SUB(now(), INTERVAL 10 DAY), 560, 84, 29, 2001572, 383213),
(28, DATE_SUB(now(), INTERVAL 9 DAY), 723, 84, 36, 2622527, 328075),
(28, DATE_SUB(now(), INTERVAL 8 DAY), 173, 73, 10, 1174857, 844687),
(28, DATE_SUB(now(), INTERVAL 7 DAY), 407, 75, 12, 5050076, 933471),
(28, DATE_SUB(now(), INTERVAL 6 DAY), 183, 85, 11, 1503285, 164016),
(28, DATE_SUB(now(), INTERVAL 5 DAY), 510, 78, 48, 1410651, 553329),
(28, DATE_SUB(now(), INTERVAL 4 DAY), 788, 53, 30, 4167600, 198504),
(28, DATE_SUB(now(), INTERVAL 3 DAY), 768, 61, 32, 4201459, 819377),
(28, DATE_SUB(now(), INTERVAL 2 DAY), 464, 94, 46, 1180940, 444536),
(28, DATE_SUB(now(), INTERVAL 1 DAY), 327, 91, 35, 4589823, 853509),
(29, DATE_SUB(now(), INTERVAL 31 DAY), 359, 89, 19, 1862751, 598287),
(29, DATE_SUB(now(), INTERVAL 30 DAY), 387, 58, 31, 3318655, 106036),
(29, DATE_SUB(now(), INTERVAL 29 DAY), 225, 56, 14, 3232229, 793849),
(29, DATE_SUB(now(), INTERVAL 28 DAY), 503, 86, 4, 3956369, 616835),
(29, DATE_SUB(now(), INTERVAL 27 DAY), 597, 97, 28, 4986576, 940558),
(29, DATE_SUB(now(), INTERVAL 26 DAY), 439, 65, 7, 3015972, 735094),
(29, DATE_SUB(now(), INTERVAL 25 DAY), 742, 62, 25, 4827426, 276274),
(29, DATE_SUB(now(), INTERVAL 24 DAY), 648, 63, 9, 4022116, 850991),
(29, DATE_SUB(now(), INTERVAL 23 DAY), 857, 56, 10, 5274092, 953558),
(29, DATE_SUB(now(), INTERVAL 22 DAY), 623, 88, 19, 4547899, 952280),
(29, DATE_SUB(now(), INTERVAL 21 DAY), 630, 91, 40, 4026190, 377038),
(29, DATE_SUB(now(), INTERVAL 20 DAY), 230, 86, 45, 3483863, 759209),
(29, DATE_SUB(now(), INTERVAL 19 DAY), 756, 55, 44, 4509583, 420290),
(29, DATE_SUB(now(), INTERVAL 18 DAY), 643, 63, 30, 4728630, 502214),
(29, DATE_SUB(now(), INTERVAL 17 DAY), 520, 86, 8, 1259505, 791890),
(29, DATE_SUB(now(), INTERVAL 16 DAY), 810, 60, 47, 4549013, 484665),
(29, DATE_SUB(now(), INTERVAL 15 DAY), 624, 93, 47, 3042172, 487261),
(29, DATE_SUB(now(), INTERVAL 14 DAY), 660, 87, 19, 4575814, 265863),
(29, DATE_SUB(now(), INTERVAL 13 DAY), 874, 84, 26, 4474513, 998090),
(29, DATE_SUB(now(), INTERVAL 12 DAY), 447, 84, 17, 4325486, 329146),
(29, DATE_SUB(now(), INTERVAL 11 DAY), 723, 64, 27, 3958683, 976848),
(29, DATE_SUB(now(), INTERVAL 10 DAY), 759, 55, 8, 5768792, 890438),
(29, DATE_SUB(now(), INTERVAL 9 DAY), 322, 74, 16, 1506099, 449344),
(29, DATE_SUB(now(), INTERVAL 8 DAY), 353, 59, 22, 2494182, 745594),
(29, DATE_SUB(now(), INTERVAL 7 DAY), 195, 63, 5, 4172295, 410349),
(29, DATE_SUB(now(), INTERVAL 6 DAY), 650, 87, 39, 4098402, 487343),
(29, DATE_SUB(now(), INTERVAL 5 DAY), 105, 64, 46, 5109311, 115559),
(29, DATE_SUB(now(), INTERVAL 4 DAY), 272, 57, 1, 3197793, 218926),
(29, DATE_SUB(now(), INTERVAL 3 DAY), 739, 51, 33, 2361985, 756961),
(29, DATE_SUB(now(), INTERVAL 2 DAY), 243, 88, 39, 1832686, 693443),
(29, DATE_SUB(now(), INTERVAL 1 DAY), 128, 71, 28, 1830717, 479866),
(30, DATE_SUB(now(), INTERVAL 31 DAY), 315, 91, 33, 2312636, 164094),
(30, DATE_SUB(now(), INTERVAL 30 DAY), 603, 61, 7, 1680093, 954562),
(30, DATE_SUB(now(), INTERVAL 29 DAY), 431, 56, 37, 2218035, 528324),
(30, DATE_SUB(now(), INTERVAL 28 DAY), 494, 95, 46, 3503324, 181762),
(30, DATE_SUB(now(), INTERVAL 27 DAY), 627, 59, 36, 5488682, 190335),
(30, DATE_SUB(now(), INTERVAL 26 DAY), 406, 71, 3, 3924547, 292692),
(30, DATE_SUB(now(), INTERVAL 25 DAY), 493, 60, 38, 2159253, 357998),
(30, DATE_SUB(now(), INTERVAL 24 DAY), 493, 61, 49, 3543115, 738800),
(30, DATE_SUB(now(), INTERVAL 23 DAY), 512, 76, 20, 4945336, 743092),
(30, DATE_SUB(now(), INTERVAL 22 DAY), 212, 87, 38, 3815237, 224927),
(30, DATE_SUB(now(), INTERVAL 21 DAY), 883, 82, 38, 2570906, 829315),
(30, DATE_SUB(now(), INTERVAL 20 DAY), 644, 60, 4, 3932084, 344305),
(30, DATE_SUB(now(), INTERVAL 19 DAY), 936, 62, 43, 4826311, 544093),
(30, DATE_SUB(now(), INTERVAL 18 DAY), 984, 85, 38, 2139001, 353255),
(30, DATE_SUB(now(), INTERVAL 17 DAY), 783, 59, 41, 2958097, 578310),
(30, DATE_SUB(now(), INTERVAL 16 DAY), 154, 83, 31, 1536197, 842184),
(30, DATE_SUB(now(), INTERVAL 15 DAY), 960, 52, 10, 4870618, 852656),
(30, DATE_SUB(now(), INTERVAL 14 DAY), 336, 85, 44, 5075874, 234287),
(30, DATE_SUB(now(), INTERVAL 13 DAY), 118, 76, 20, 3865056, 414354),
(30, DATE_SUB(now(), INTERVAL 12 DAY), 162, 96, 13, 1365880, 749739),
(30, DATE_SUB(now(), INTERVAL 11 DAY), 946, 79, 6, 1069211, 891462),
(30, DATE_SUB(now(), INTERVAL 10 DAY), 790, 63, 13, 3695434, 934556),
(30, DATE_SUB(now(), INTERVAL 9 DAY), 929, 53, 47, 1531261, 350334),
(30, DATE_SUB(now(), INTERVAL 8 DAY), 390, 100, 41, 5324099, 650382),
(30, DATE_SUB(now(), INTERVAL 7 DAY), 578, 91, 38, 5594401, 520305),
(30, DATE_SUB(now(), INTERVAL 6 DAY), 881, 79, 4, 5731828, 111905),
(30, DATE_SUB(now(), INTERVAL 5 DAY), 281, 100, 27, 5341932, 910448),
(30, DATE_SUB(now(), INTERVAL 4 DAY), 878, 100, 38, 3301620, 965913),
(30, DATE_SUB(now(), INTERVAL 3 DAY), 540, 63, 28, 2131885, 325755),
(30, DATE_SUB(now(), INTERVAL 2 DAY), 869, 79, 9, 4762116, 131464),
(30, DATE_SUB(now(), INTERVAL 1 DAY), 835, 85, 13, 3383244, 578209),
(31, DATE_SUB(now(), INTERVAL 31 DAY), 281, 56, 3, 5725891, 607753),
(31, DATE_SUB(now(), INTERVAL 30 DAY), 859, 62, 43, 2074410, 525767),
(31, DATE_SUB(now(), INTERVAL 29 DAY), 621, 95, 1, 1795434, 248400),
(31, DATE_SUB(now(), INTERVAL 28 DAY), 629, 85, 17, 2998588, 274888),
(31, DATE_SUB(now(), INTERVAL 27 DAY), 909, 74, 4, 2623584, 536292),
(31, DATE_SUB(now(), INTERVAL 26 DAY), 568, 95, 38, 5924412, 238243),
(31, DATE_SUB(now(), INTERVAL 25 DAY), 437, 93, 16, 2124048, 563494),
(31, DATE_SUB(now(), INTERVAL 24 DAY), 838, 56, 20, 1892726, 980468),
(31, DATE_SUB(now(), INTERVAL 23 DAY), 106, 57, 42, 3005971, 855495),
(31, DATE_SUB(now(), INTERVAL 22 DAY), 606, 82, 21, 2237752, 281265),
(31, DATE_SUB(now(), INTERVAL 21 DAY), 322, 74, 49, 1804853, 572632),
(31, DATE_SUB(now(), INTERVAL 20 DAY), 872, 78, 26, 4788700, 101478),
(31, DATE_SUB(now(), INTERVAL 19 DAY), 876, 65, 8, 4762212, 435843),
(31, DATE_SUB(now(), INTERVAL 18 DAY), 797, 77, 35, 1205865, 184170),
(31, DATE_SUB(now(), INTERVAL 17 DAY), 276, 93, 25, 5558452, 540067),
(31, DATE_SUB(now(), INTERVAL 16 DAY), 697, 65, 37, 1882372, 276096),
(31, DATE_SUB(now(), INTERVAL 15 DAY), 873, 65, 44, 1544643, 997959),
(31, DATE_SUB(now(), INTERVAL 14 DAY), 252, 74, 49, 4330900, 367325),
(31, DATE_SUB(now(), INTERVAL 13 DAY), 315, 83, 29, 2123954, 514715),
(31, DATE_SUB(now(), INTERVAL 12 DAY), 339, 88, 14, 4508638, 337019),
(31, DATE_SUB(now(), INTERVAL 11 DAY), 381, 89, 18, 3886870, 587671),
(31, DATE_SUB(now(), INTERVAL 10 DAY), 923, 99, 21, 2171025, 330284),
(31, DATE_SUB(now(), INTERVAL 9 DAY), 299, 97, 5, 5650848, 974916),
(31, DATE_SUB(now(), INTERVAL 8 DAY), 704, 80, 34, 2647844, 833658),
(31, DATE_SUB(now(), INTERVAL 7 DAY), 868, 74, 24, 2607369, 685529),
(31, DATE_SUB(now(), INTERVAL 6 DAY), 842, 95, 41, 5131187, 635186),
(31, DATE_SUB(now(), INTERVAL 5 DAY), 646, 65, 2, 3616139, 741269),
(31, DATE_SUB(now(), INTERVAL 4 DAY), 293, 83, 34, 5349890, 660606),
(31, DATE_SUB(now(), INTERVAL 3 DAY), 129, 85, 20, 4526976, 608944),
(31, DATE_SUB(now(), INTERVAL 2 DAY), 914, 93, 31, 5311059, 852610),
(31, DATE_SUB(now(), INTERVAL 1 DAY), 766, 53, 14, 1706551, 436796),
(32, DATE_SUB(now(), INTERVAL 31 DAY), 821, 59, 40, 2705943, 907285),
(32, DATE_SUB(now(), INTERVAL 30 DAY), 156, 95, 33, 5670649, 164463),
(32, DATE_SUB(now(), INTERVAL 29 DAY), 496, 73, 5, 1736955, 427276),
(32, DATE_SUB(now(), INTERVAL 28 DAY), 314, 62, 40, 3242020, 803270),
(32, DATE_SUB(now(), INTERVAL 27 DAY), 876, 63, 13, 3958726, 754097),
(32, DATE_SUB(now(), INTERVAL 26 DAY), 657, 79, 23, 2985006, 970518),
(32, DATE_SUB(now(), INTERVAL 25 DAY), 630, 91, 42, 5215243, 957023),
(32, DATE_SUB(now(), INTERVAL 24 DAY), 789, 78, 48, 5879520, 763854),
(32, DATE_SUB(now(), INTERVAL 23 DAY), 886, 86, 5, 4346366, 892871),
(32, DATE_SUB(now(), INTERVAL 22 DAY), 608, 55, 46, 2985230, 134414),
(32, DATE_SUB(now(), INTERVAL 21 DAY), 477, 72, 32, 5498043, 331865),
(32, DATE_SUB(now(), INTERVAL 20 DAY), 215, 84, 46, 2942034, 469149),
(32, DATE_SUB(now(), INTERVAL 19 DAY), 421, 86, 13, 1355787, 296715),
(32, DATE_SUB(now(), INTERVAL 18 DAY), 364, 66, 8, 4083712, 131077),
(32, DATE_SUB(now(), INTERVAL 17 DAY), 283, 76, 40, 2166310, 752547),
(32, DATE_SUB(now(), INTERVAL 16 DAY), 911, 70, 24, 2142478, 364417),
(32, DATE_SUB(now(), INTERVAL 15 DAY), 427, 97, 41, 2728198, 789459),
(32, DATE_SUB(now(), INTERVAL 14 DAY), 677, 100, 31, 1733880, 243908),
(32, DATE_SUB(now(), INTERVAL 13 DAY), 974, 74, 44, 5930004, 564010),
(32, DATE_SUB(now(), INTERVAL 12 DAY), 885, 98, 39, 3259157, 917254),
(32, DATE_SUB(now(), INTERVAL 11 DAY), 940, 63, 11, 4780338, 907684),
(32, DATE_SUB(now(), INTERVAL 10 DAY), 357, 75, 50, 1478249, 302360),
(32, DATE_SUB(now(), INTERVAL 9 DAY), 390, 76, 35, 4403599, 260916),
(32, DATE_SUB(now(), INTERVAL 8 DAY), 347, 74, 36, 3310503, 329960),
(32, DATE_SUB(now(), INTERVAL 7 DAY), 112, 82, 44, 3291411, 577638),
(32, DATE_SUB(now(), INTERVAL 6 DAY), 149, 84, 11, 3931850, 365377),
(32, DATE_SUB(now(), INTERVAL 5 DAY), 336, 92, 42, 1429249, 988058),
(32, DATE_SUB(now(), INTERVAL 4 DAY), 330, 67, 10, 5713665, 653798),
(32, DATE_SUB(now(), INTERVAL 3 DAY), 167, 80, 9, 1958518, 692905),
(32, DATE_SUB(now(), INTERVAL 2 DAY), 283, 88, 25, 5916482, 906427),
(32, DATE_SUB(now(), INTERVAL 1 DAY), 731, 73, 30, 5738319, 288595),
(33, DATE_SUB(now(), INTERVAL 31 DAY), 479, 80, 4, 4836752, 667758),
(33, DATE_SUB(now(), INTERVAL 30 DAY), 510, 57, 1, 3683252, 138745),
(33, DATE_SUB(now(), INTERVAL 29 DAY), 983, 56, 36, 3449603, 175241),
(33, DATE_SUB(now(), INTERVAL 28 DAY), 169, 88, 36, 3827222, 500359),
(33, DATE_SUB(now(), INTERVAL 27 DAY), 967, 90, 41, 2647059, 928084),
(33, DATE_SUB(now(), INTERVAL 26 DAY), 920, 92, 11, 4763444, 486755),
(33, DATE_SUB(now(), INTERVAL 25 DAY), 239, 54, 2, 2888060, 749908),
(33, DATE_SUB(now(), INTERVAL 24 DAY), 252, 74, 7, 3165658, 571574),
(33, DATE_SUB(now(), INTERVAL 23 DAY), 432, 59, 23, 3377701, 673540),
(33, DATE_SUB(now(), INTERVAL 22 DAY), 367, 81, 30, 5621305, 253331),
(33, DATE_SUB(now(), INTERVAL 21 DAY), 833, 74, 13, 5680922, 121982),
(33, DATE_SUB(now(), INTERVAL 20 DAY), 561, 94, 42, 3620815, 289140),
(33, DATE_SUB(now(), INTERVAL 19 DAY), 871, 96, 18, 1841598, 157004),
(33, DATE_SUB(now(), INTERVAL 18 DAY), 565, 88, 33, 5233118, 982627),
(33, DATE_SUB(now(), INTERVAL 17 DAY), 471, 98, 24, 4670630, 605946),
(33, DATE_SUB(now(), INTERVAL 16 DAY), 632, 100, 9, 5587075, 390876),
(33, DATE_SUB(now(), INTERVAL 15 DAY), 373, 76, 12, 4383243, 855509),
(33, DATE_SUB(now(), INTERVAL 14 DAY), 338, 68, 13, 2469700, 186980),
(33, DATE_SUB(now(), INTERVAL 13 DAY), 441, 57, 4, 3080641, 705587),
(33, DATE_SUB(now(), INTERVAL 12 DAY), 769, 80, 30, 5529705, 460833),
(33, DATE_SUB(now(), INTERVAL 11 DAY), 320, 93, 25, 3529642, 395181),
(33, DATE_SUB(now(), INTERVAL 10 DAY), 221, 69, 25, 1560858, 749693),
(33, DATE_SUB(now(), INTERVAL 9 DAY), 783, 83, 31, 5188072, 116600),
(33, DATE_SUB(now(), INTERVAL 8 DAY), 492, 66, 11, 1245356, 983409),
(33, DATE_SUB(now(), INTERVAL 7 DAY), 698, 59, 47, 4345747, 448092),
(33, DATE_SUB(now(), INTERVAL 6 DAY), 886, 80, 26, 3424736, 812387),
(33, DATE_SUB(now(), INTERVAL 5 DAY), 459, 71, 40, 5571634, 563805),
(33, DATE_SUB(now(), INTERVAL 4 DAY), 163, 100, 20, 1653123, 238019),
(33, DATE_SUB(now(), INTERVAL 3 DAY), 223, 100, 10, 3908304, 131603),
(33, DATE_SUB(now(), INTERVAL 2 DAY), 148, 56, 15, 5454210, 409237),
(33, DATE_SUB(now(), INTERVAL 1 DAY), 174, 56, 25, 5439443, 116698),
(34, DATE_SUB(now(), INTERVAL 31 DAY), 612, 71, 39, 2189698, 979533),
(34, DATE_SUB(now(), INTERVAL 30 DAY), 776, 74, 2, 5383241, 121446),
(34, DATE_SUB(now(), INTERVAL 29 DAY), 199, 87, 23, 2434524, 740898),
(34, DATE_SUB(now(), INTERVAL 28 DAY), 746, 77, 27, 3758344, 750188),
(34, DATE_SUB(now(), INTERVAL 27 DAY), 973, 86, 14, 5840255, 393793),
(34, DATE_SUB(now(), INTERVAL 26 DAY), 517, 57, 44, 1305063, 658865),
(34, DATE_SUB(now(), INTERVAL 25 DAY), 207, 69, 12, 4432292, 291947),
(34, DATE_SUB(now(), INTERVAL 24 DAY), 683, 88, 44, 3547582, 616134),
(34, DATE_SUB(now(), INTERVAL 23 DAY), 284, 65, 28, 3210087, 988667),
(34, DATE_SUB(now(), INTERVAL 22 DAY), 443, 99, 28, 2521146, 481022),
(34, DATE_SUB(now(), INTERVAL 21 DAY), 447, 77, 9, 1813524, 140100),
(34, DATE_SUB(now(), INTERVAL 20 DAY), 681, 55, 37, 2071361, 230390),
(34, DATE_SUB(now(), INTERVAL 19 DAY), 410, 90, 13, 4354270, 669743),
(34, DATE_SUB(now(), INTERVAL 18 DAY), 951, 78, 9, 2924519, 282798),
(34, DATE_SUB(now(), INTERVAL 17 DAY), 579, 100, 9, 2287546, 345926),
(34, DATE_SUB(now(), INTERVAL 16 DAY), 873, 67, 38, 1242049, 454698),
(34, DATE_SUB(now(), INTERVAL 15 DAY), 783, 98, 9, 5656524, 622795),
(34, DATE_SUB(now(), INTERVAL 14 DAY), 934, 91, 16, 2724052, 158834),
(34, DATE_SUB(now(), INTERVAL 13 DAY), 872, 88, 34, 3961521, 677103),
(34, DATE_SUB(now(), INTERVAL 12 DAY), 716, 55, 9, 4047959, 788312),
(34, DATE_SUB(now(), INTERVAL 11 DAY), 470, 91, 31, 5551898, 220296),
(34, DATE_SUB(now(), INTERVAL 10 DAY), 646, 89, 27, 4896885, 440606),
(34, DATE_SUB(now(), INTERVAL 9 DAY), 664, 98, 22, 3359596, 808365),
(34, DATE_SUB(now(), INTERVAL 8 DAY), 685, 74, 40, 3692441, 652844),
(34, DATE_SUB(now(), INTERVAL 7 DAY), 851, 56, 35, 3475773, 468414),
(34, DATE_SUB(now(), INTERVAL 6 DAY), 238, 53, 18, 1642645, 750641),
(34, DATE_SUB(now(), INTERVAL 5 DAY), 379, 85, 7, 5460313, 443914),
(34, DATE_SUB(now(), INTERVAL 4 DAY), 109, 93, 16, 1452564, 773342),
(34, DATE_SUB(now(), INTERVAL 3 DAY), 719, 56, 17, 3414032, 421401),
(34, DATE_SUB(now(), INTERVAL 2 DAY), 537, 74, 16, 2690594, 360801),
(34, DATE_SUB(now(), INTERVAL 1 DAY), 184, 59, 37, 1672647, 806544),
(35, DATE_SUB(now(), INTERVAL 31 DAY), 548, 80, 46, 1227977, 665793),
(35, DATE_SUB(now(), INTERVAL 30 DAY), 412, 95, 10, 1315033, 619009),
(35, DATE_SUB(now(), INTERVAL 29 DAY), 512, 68, 37, 4493176, 252197),
(35, DATE_SUB(now(), INTERVAL 28 DAY), 108, 84, 9, 4168463, 760765),
(35, DATE_SUB(now(), INTERVAL 27 DAY), 335, 60, 47, 5761084, 545419),
(35, DATE_SUB(now(), INTERVAL 26 DAY), 138, 77, 35, 5116183, 497360),
(35, DATE_SUB(now(), INTERVAL 25 DAY), 555, 88, 2, 3486512, 572466),
(35, DATE_SUB(now(), INTERVAL 24 DAY), 441, 53, 16, 1015507, 373671),
(35, DATE_SUB(now(), INTERVAL 23 DAY), 468, 62, 13, 4202089, 429496),
(35, DATE_SUB(now(), INTERVAL 22 DAY), 530, 62, 4, 1327180, 808680),
(35, DATE_SUB(now(), INTERVAL 21 DAY), 302, 94, 2, 4363102, 713111),
(35, DATE_SUB(now(), INTERVAL 20 DAY), 929, 68, 35, 3136504, 630434),
(35, DATE_SUB(now(), INTERVAL 19 DAY), 431, 100, 42, 2101319, 122156),
(35, DATE_SUB(now(), INTERVAL 18 DAY), 648, 97, 29, 2423177, 929694),
(35, DATE_SUB(now(), INTERVAL 17 DAY), 371, 72, 35, 3099227, 570215),
(35, DATE_SUB(now(), INTERVAL 16 DAY), 759, 89, 1, 2216389, 168216),
(35, DATE_SUB(now(), INTERVAL 15 DAY), 389, 94, 30, 1229866, 174051),
(35, DATE_SUB(now(), INTERVAL 14 DAY), 201, 97, 11, 2117204, 110796),
(35, DATE_SUB(now(), INTERVAL 13 DAY), 818, 68, 15, 5212799, 302903),
(35, DATE_SUB(now(), INTERVAL 12 DAY), 842, 100, 41, 5867766, 126948),
(35, DATE_SUB(now(), INTERVAL 11 DAY), 832, 87, 5, 2897105, 282845),
(35, DATE_SUB(now(), INTERVAL 10 DAY), 834, 72, 5, 4293420, 763920),
(35, DATE_SUB(now(), INTERVAL 9 DAY), 417, 94, 2, 1701046, 125269),
(35, DATE_SUB(now(), INTERVAL 8 DAY), 164, 87, 50, 4265344, 723209),
(35, DATE_SUB(now(), INTERVAL 7 DAY), 260, 72, 40, 1805615, 131630),
(35, DATE_SUB(now(), INTERVAL 6 DAY), 348, 68, 40, 2849813, 987714),
(35, DATE_SUB(now(), INTERVAL 5 DAY), 895, 99, 11, 4181429, 420427),
(35, DATE_SUB(now(), INTERVAL 4 DAY), 754, 59, 30, 5043278, 981161),
(35, DATE_SUB(now(), INTERVAL 3 DAY), 567, 67, 9, 5634238, 875874),
(35, DATE_SUB(now(), INTERVAL 2 DAY), 834, 72, 43, 3775855, 908888),
(35, DATE_SUB(now(), INTERVAL 1 DAY), 650, 56, 23, 4820349, 675586),
(36, DATE_SUB(now(), INTERVAL 31 DAY), 108, 77, 21, 1291717, 145750),
(36, DATE_SUB(now(), INTERVAL 30 DAY), 644, 58, 36, 1208534, 224941),
(36, DATE_SUB(now(), INTERVAL 29 DAY), 827, 79, 42, 2804903, 768795),
(36, DATE_SUB(now(), INTERVAL 28 DAY), 287, 55, 31, 3637464, 160293),
(36, DATE_SUB(now(), INTERVAL 27 DAY), 473, 93, 45, 3785407, 648723),
(36, DATE_SUB(now(), INTERVAL 26 DAY), 833, 71, 31, 2241348, 339548),
(36, DATE_SUB(now(), INTERVAL 25 DAY), 518, 58, 20, 2513000, 984674),
(36, DATE_SUB(now(), INTERVAL 24 DAY), 724, 75, 6, 3127741, 468545),
(36, DATE_SUB(now(), INTERVAL 23 DAY), 765, 74, 10, 5144700, 350196),
(36, DATE_SUB(now(), INTERVAL 22 DAY), 257, 94, 39, 4355108, 825890),
(36, DATE_SUB(now(), INTERVAL 21 DAY), 867, 97, 38, 3057513, 386598),
(36, DATE_SUB(now(), INTERVAL 20 DAY), 118, 64, 4, 3516824, 989256),
(36, DATE_SUB(now(), INTERVAL 19 DAY), 900, 59, 32, 5856844, 896269),
(36, DATE_SUB(now(), INTERVAL 18 DAY), 550, 71, 18, 2903279, 591814),
(36, DATE_SUB(now(), INTERVAL 17 DAY), 925, 75, 39, 2725691, 796052),
(36, DATE_SUB(now(), INTERVAL 16 DAY), 108, 75, 39, 1161079, 513811),
(36, DATE_SUB(now(), INTERVAL 15 DAY), 567, 64, 35, 4206836, 420169),
(36, DATE_SUB(now(), INTERVAL 14 DAY), 580, 67, 17, 1291230, 675407),
(36, DATE_SUB(now(), INTERVAL 13 DAY), 218, 87, 34, 3726416, 652026),
(36, DATE_SUB(now(), INTERVAL 12 DAY), 240, 56, 33, 4694032, 888917),
(36, DATE_SUB(now(), INTERVAL 11 DAY), 675, 86, 38, 2469009, 584386),
(36, DATE_SUB(now(), INTERVAL 10 DAY), 920, 85, 7, 5596630, 310580),
(36, DATE_SUB(now(), INTERVAL 9 DAY), 170, 54, 40, 3316532, 683198),
(36, DATE_SUB(now(), INTERVAL 8 DAY), 310, 93, 40, 3152477, 116582),
(36, DATE_SUB(now(), INTERVAL 7 DAY), 484, 71, 27, 4305731, 334270),
(36, DATE_SUB(now(), INTERVAL 6 DAY), 552, 92, 49, 5406465, 137248),
(36, DATE_SUB(now(), INTERVAL 5 DAY), 290, 71, 10, 5302832, 714349),
(36, DATE_SUB(now(), INTERVAL 4 DAY), 759, 69, 26, 2364940, 598111),
(36, DATE_SUB(now(), INTERVAL 3 DAY), 580, 74, 11, 3092513, 729855),
(36, DATE_SUB(now(), INTERVAL 2 DAY), 781, 94, 28, 2430518, 669498),
(36, DATE_SUB(now(), INTERVAL 1 DAY), 309, 76, 46, 2770571, 277433),
(37, DATE_SUB(now(), INTERVAL 31 DAY), 278, 54, 12, 4064258, 202734),
(37, DATE_SUB(now(), INTERVAL 30 DAY), 197, 90, 49, 1231154, 422574),
(37, DATE_SUB(now(), INTERVAL 29 DAY), 235, 100, 14, 5842235, 266749),
(37, DATE_SUB(now(), INTERVAL 28 DAY), 645, 65, 20, 5257061, 440638),
(37, DATE_SUB(now(), INTERVAL 27 DAY), 479, 89, 38, 5924067, 288335),
(37, DATE_SUB(now(), INTERVAL 26 DAY), 808, 56, 14, 4763546, 524302),
(37, DATE_SUB(now(), INTERVAL 25 DAY), 265, 87, 7, 5719451, 573760),
(37, DATE_SUB(now(), INTERVAL 24 DAY), 391, 77, 47, 3032037, 104147),
(37, DATE_SUB(now(), INTERVAL 23 DAY), 468, 53, 11, 2473280, 309003),
(37, DATE_SUB(now(), INTERVAL 22 DAY), 226, 99, 50, 4349862, 932503),
(37, DATE_SUB(now(), INTERVAL 21 DAY), 157, 81, 46, 3129726, 587644),
(37, DATE_SUB(now(), INTERVAL 20 DAY), 707, 85, 50, 5675814, 928394),
(37, DATE_SUB(now(), INTERVAL 19 DAY), 915, 77, 6, 1855321, 189160),
(37, DATE_SUB(now(), INTERVAL 18 DAY), 133, 95, 46, 1723937, 122498),
(37, DATE_SUB(now(), INTERVAL 17 DAY), 763, 80, 42, 5433936, 570453),
(37, DATE_SUB(now(), INTERVAL 16 DAY), 200, 63, 22, 4633011, 329719),
(37, DATE_SUB(now(), INTERVAL 15 DAY), 689, 63, 50, 3033353, 685547),
(37, DATE_SUB(now(), INTERVAL 14 DAY), 240, 51, 49, 1976593, 257579),
(37, DATE_SUB(now(), INTERVAL 13 DAY), 830, 88, 16, 5003878, 143620),
(37, DATE_SUB(now(), INTERVAL 12 DAY), 313, 85, 32, 1961291, 824727),
(37, DATE_SUB(now(), INTERVAL 11 DAY), 208, 58, 42, 1369653, 300360),
(37, DATE_SUB(now(), INTERVAL 10 DAY), 569, 67, 2, 5008835, 876790),
(37, DATE_SUB(now(), INTERVAL 9 DAY), 173, 55, 2, 2654255, 458845),
(37, DATE_SUB(now(), INTERVAL 8 DAY), 396, 55, 49, 4459023, 980720),
(37, DATE_SUB(now(), INTERVAL 7 DAY), 724, 81, 24, 3427300, 834224),
(37, DATE_SUB(now(), INTERVAL 6 DAY), 668, 68, 27, 5075860, 229189),
(37, DATE_SUB(now(), INTERVAL 5 DAY), 368, 82, 8, 1828554, 799936),
(37, DATE_SUB(now(), INTERVAL 4 DAY), 499, 78, 21, 4134977, 744881),
(37, DATE_SUB(now(), INTERVAL 3 DAY), 480, 55, 5, 5747800, 741421),
(37, DATE_SUB(now(), INTERVAL 2 DAY), 786, 75, 47, 1971379, 283926),
(37, DATE_SUB(now(), INTERVAL 1 DAY), 665, 79, 31, 3879506, 990163),
(38, DATE_SUB(now(), INTERVAL 31 DAY), 101, 55, 12, 5257354, 715279),
(38, DATE_SUB(now(), INTERVAL 30 DAY), 200, 88, 2, 5496866, 626369),
(38, DATE_SUB(now(), INTERVAL 29 DAY), 429, 90, 40, 2896491, 788626),
(38, DATE_SUB(now(), INTERVAL 28 DAY), 705, 94, 44, 2078855, 705374),
(38, DATE_SUB(now(), INTERVAL 27 DAY), 679, 69, 14, 3497453, 625399),
(38, DATE_SUB(now(), INTERVAL 26 DAY), 975, 69, 7, 1264723, 403355),
(38, DATE_SUB(now(), INTERVAL 25 DAY), 482, 92, 47, 5926834, 985808),
(38, DATE_SUB(now(), INTERVAL 24 DAY), 517, 66, 33, 2991672, 124562),
(38, DATE_SUB(now(), INTERVAL 23 DAY), 737, 94, 17, 2250585, 549884),
(38, DATE_SUB(now(), INTERVAL 22 DAY), 550, 71, 27, 2134668, 798566),
(38, DATE_SUB(now(), INTERVAL 21 DAY), 459, 61, 20, 2931226, 591748),
(38, DATE_SUB(now(), INTERVAL 20 DAY), 167, 81, 41, 5834813, 566557),
(38, DATE_SUB(now(), INTERVAL 19 DAY), 561, 77, 42, 1101363, 786668),
(38, DATE_SUB(now(), INTERVAL 18 DAY), 902, 93, 18, 3698083, 581174),
(38, DATE_SUB(now(), INTERVAL 17 DAY), 770, 64, 14, 2794177, 905638),
(38, DATE_SUB(now(), INTERVAL 16 DAY), 354, 63, 33, 5998634, 739161),
(38, DATE_SUB(now(), INTERVAL 15 DAY), 743, 57, 6, 2521024, 314626),
(38, DATE_SUB(now(), INTERVAL 14 DAY), 107, 58, 32, 3807575, 137458),
(38, DATE_SUB(now(), INTERVAL 13 DAY), 848, 99, 43, 1776434, 884653),
(38, DATE_SUB(now(), INTERVAL 12 DAY), 110, 73, 13, 3211185, 297217),
(38, DATE_SUB(now(), INTERVAL 11 DAY), 616, 91, 20, 2589035, 483487),
(38, DATE_SUB(now(), INTERVAL 10 DAY), 871, 54, 21, 4664753, 815294),
(38, DATE_SUB(now(), INTERVAL 9 DAY), 311, 55, 12, 4888464, 785739),
(38, DATE_SUB(now(), INTERVAL 8 DAY), 177, 80, 28, 4303491, 949523),
(38, DATE_SUB(now(), INTERVAL 7 DAY), 275, 62, 50, 2661790, 392135),
(38, DATE_SUB(now(), INTERVAL 6 DAY), 494, 81, 48, 5677427, 542356),
(38, DATE_SUB(now(), INTERVAL 5 DAY), 150, 55, 13, 4461996, 128252),
(38, DATE_SUB(now(), INTERVAL 4 DAY), 224, 64, 27, 5794742, 191238),
(38, DATE_SUB(now(), INTERVAL 3 DAY), 732, 70, 48, 4761919, 710844),
(38, DATE_SUB(now(), INTERVAL 2 DAY), 989, 99, 6, 5900183, 250559),
(38, DATE_SUB(now(), INTERVAL 1 DAY), 345, 61, 44, 4050344, 197945),
(39, DATE_SUB(now(), INTERVAL 31 DAY), 735, 60, 26, 2482881, 721181),
(39, DATE_SUB(now(), INTERVAL 30 DAY), 841, 60, 49, 4851313, 615909),
(39, DATE_SUB(now(), INTERVAL 29 DAY), 959, 56, 12, 5956421, 753944),
(39, DATE_SUB(now(), INTERVAL 28 DAY), 828, 95, 11, 5631837, 899919),
(39, DATE_SUB(now(), INTERVAL 27 DAY), 219, 92, 22, 1324369, 391461),
(39, DATE_SUB(now(), INTERVAL 26 DAY), 915, 66, 21, 5869963, 295284),
(39, DATE_SUB(now(), INTERVAL 25 DAY), 925, 69, 41, 3769373, 470096),
(39, DATE_SUB(now(), INTERVAL 24 DAY), 265, 54, 47, 3656473, 447301),
(39, DATE_SUB(now(), INTERVAL 23 DAY), 578, 71, 48, 1671795, 253289),
(39, DATE_SUB(now(), INTERVAL 22 DAY), 824, 100, 10, 1426447, 945267),
(39, DATE_SUB(now(), INTERVAL 21 DAY), 937, 68, 16, 4387973, 708323),
(39, DATE_SUB(now(), INTERVAL 20 DAY), 569, 91, 18, 1420428, 491765),
(39, DATE_SUB(now(), INTERVAL 19 DAY), 483, 85, 14, 1918902, 933535),
(39, DATE_SUB(now(), INTERVAL 18 DAY), 386, 85, 13, 3047343, 407076),
(39, DATE_SUB(now(), INTERVAL 17 DAY), 916, 99, 32, 4957172, 853794),
(39, DATE_SUB(now(), INTERVAL 16 DAY), 620, 97, 40, 1416084, 824350),
(39, DATE_SUB(now(), INTERVAL 15 DAY), 570, 56, 20, 4635668, 671272),
(39, DATE_SUB(now(), INTERVAL 14 DAY), 804, 88, 17, 2205507, 149899),
(39, DATE_SUB(now(), INTERVAL 13 DAY), 230, 63, 16, 2772832, 217789),
(39, DATE_SUB(now(), INTERVAL 12 DAY), 529, 71, 42, 2794906, 453033),
(39, DATE_SUB(now(), INTERVAL 11 DAY), 765, 65, 37, 5053655, 681137),
(39, DATE_SUB(now(), INTERVAL 10 DAY), 328, 56, 1, 5931047, 243184),
(39, DATE_SUB(now(), INTERVAL 9 DAY), 840, 96, 7, 5085779, 706761),
(39, DATE_SUB(now(), INTERVAL 8 DAY), 630, 68, 18, 2107343, 432837),
(39, DATE_SUB(now(), INTERVAL 7 DAY), 860, 71, 39, 2735147, 546423),
(39, DATE_SUB(now(), INTERVAL 6 DAY), 602, 68, 48, 3828184, 560567),
(39, DATE_SUB(now(), INTERVAL 5 DAY), 780, 73, 7, 5273786, 408808),
(39, DATE_SUB(now(), INTERVAL 4 DAY), 892, 74, 20, 3071562, 698422),
(39, DATE_SUB(now(), INTERVAL 3 DAY), 555, 51, 40, 2264190, 344456),
(39, DATE_SUB(now(), INTERVAL 2 DAY), 686, 92, 8, 4654598, 218290),
(39, DATE_SUB(now(), INTERVAL 1 DAY), 365, 89, 23, 3544674, 154105),
(40, DATE_SUB(now(), INTERVAL 31 DAY), 697, 53, 28, 3289133, 187695),
(40, DATE_SUB(now(), INTERVAL 30 DAY), 400, 66, 25, 4388886, 605291),
(40, DATE_SUB(now(), INTERVAL 29 DAY), 714, 83, 4, 1201330, 740066),
(40, DATE_SUB(now(), INTERVAL 28 DAY), 445, 56, 27, 1039378, 685490),
(40, DATE_SUB(now(), INTERVAL 27 DAY), 566, 80, 28, 2451832, 580819),
(40, DATE_SUB(now(), INTERVAL 26 DAY), 603, 53, 19, 4050032, 595029),
(40, DATE_SUB(now(), INTERVAL 25 DAY), 498, 63, 50, 1684493, 472786),
(40, DATE_SUB(now(), INTERVAL 24 DAY), 711, 90, 40, 3245016, 941373),
(40, DATE_SUB(now(), INTERVAL 23 DAY), 443, 78, 1, 4430546, 951409),
(40, DATE_SUB(now(), INTERVAL 22 DAY), 869, 78, 38, 4979645, 506899),
(40, DATE_SUB(now(), INTERVAL 21 DAY), 916, 84, 8, 4597002, 503847),
(40, DATE_SUB(now(), INTERVAL 20 DAY), 992, 100, 12, 5107948, 981208),
(40, DATE_SUB(now(), INTERVAL 19 DAY), 312, 78, 6, 5643518, 620799),
(40, DATE_SUB(now(), INTERVAL 18 DAY), 898, 84, 12, 5631432, 319111),
(40, DATE_SUB(now(), INTERVAL 17 DAY), 300, 74, 34, 3561611, 384980),
(40, DATE_SUB(now(), INTERVAL 16 DAY), 514, 90, 50, 1360559, 841778),
(40, DATE_SUB(now(), INTERVAL 15 DAY), 375, 72, 41, 1030772, 200723),
(40, DATE_SUB(now(), INTERVAL 14 DAY), 731, 84, 36, 1934743, 945127),
(40, DATE_SUB(now(), INTERVAL 13 DAY), 688, 93, 18, 2166401, 437874),
(40, DATE_SUB(now(), INTERVAL 12 DAY), 442, 75, 8, 3465704, 153619),
(40, DATE_SUB(now(), INTERVAL 11 DAY), 854, 98, 31, 1678118, 222461),
(40, DATE_SUB(now(), INTERVAL 10 DAY), 734, 88, 36, 4715224, 408396),
(40, DATE_SUB(now(), INTERVAL 9 DAY), 114, 77, 10, 5812177, 326728),
(40, DATE_SUB(now(), INTERVAL 8 DAY), 112, 75, 37, 3593920, 299279),
(40, DATE_SUB(now(), INTERVAL 7 DAY), 837, 57, 7, 1268647, 837140),
(40, DATE_SUB(now(), INTERVAL 6 DAY), 368, 58, 23, 4298260, 401250),
(40, DATE_SUB(now(), INTERVAL 5 DAY), 149, 93, 36, 4773419, 416850),
(40, DATE_SUB(now(), INTERVAL 4 DAY), 925, 74, 43, 3272777, 589077),
(40, DATE_SUB(now(), INTERVAL 3 DAY), 724, 56, 30, 4679843, 528646),
(40, DATE_SUB(now(), INTERVAL 2 DAY), 298, 89, 46, 1705280, 789755),
(40, DATE_SUB(now(), INTERVAL 1 DAY), 822, 76, 34, 1417483, 878389),
(41, DATE_SUB(now(), INTERVAL 31 DAY), 371, 86, 15, 5365016, 766117),
(41, DATE_SUB(now(), INTERVAL 30 DAY), 562, 98, 34, 2498548, 773352),
(41, DATE_SUB(now(), INTERVAL 29 DAY), 343, 91, 43, 3547703, 137762),
(41, DATE_SUB(now(), INTERVAL 28 DAY), 652, 77, 27, 3794844, 406579),
(41, DATE_SUB(now(), INTERVAL 27 DAY), 620, 57, 7, 3047459, 789641),
(41, DATE_SUB(now(), INTERVAL 26 DAY), 857, 86, 6, 3356979, 612539),
(41, DATE_SUB(now(), INTERVAL 25 DAY), 880, 54, 50, 2600647, 764441),
(41, DATE_SUB(now(), INTERVAL 24 DAY), 924, 91, 47, 2026229, 644034),
(41, DATE_SUB(now(), INTERVAL 23 DAY), 655, 58, 39, 2651499, 164571),
(41, DATE_SUB(now(), INTERVAL 22 DAY), 150, 94, 35, 5946825, 735767),
(41, DATE_SUB(now(), INTERVAL 21 DAY), 937, 59, 42, 4325072, 705809),
(41, DATE_SUB(now(), INTERVAL 20 DAY), 414, 64, 1, 1477904, 899023),
(41, DATE_SUB(now(), INTERVAL 19 DAY), 769, 58, 34, 2074482, 245539),
(41, DATE_SUB(now(), INTERVAL 18 DAY), 493, 85, 35, 2428766, 438467),
(41, DATE_SUB(now(), INTERVAL 17 DAY), 172, 76, 22, 2022334, 441185),
(41, DATE_SUB(now(), INTERVAL 16 DAY), 755, 98, 5, 3633281, 738814),
(41, DATE_SUB(now(), INTERVAL 15 DAY), 464, 84, 45, 2657406, 967502),
(41, DATE_SUB(now(), INTERVAL 14 DAY), 313, 91, 37, 2688734, 275829),
(41, DATE_SUB(now(), INTERVAL 13 DAY), 686, 74, 3, 5003157, 835639),
(41, DATE_SUB(now(), INTERVAL 12 DAY), 758, 91, 41, 3619319, 130460),
(41, DATE_SUB(now(), INTERVAL 11 DAY), 449, 91, 31, 4181044, 848561),
(41, DATE_SUB(now(), INTERVAL 10 DAY), 589, 86, 50, 2792690, 432576),
(41, DATE_SUB(now(), INTERVAL 9 DAY), 212, 60, 40, 3868635, 191034),
(41, DATE_SUB(now(), INTERVAL 8 DAY), 835, 89, 40, 4213997, 662933),
(41, DATE_SUB(now(), INTERVAL 7 DAY), 297, 53, 21, 4175359, 819134),
(41, DATE_SUB(now(), INTERVAL 6 DAY), 632, 67, 10, 5181433, 693288),
(41, DATE_SUB(now(), INTERVAL 5 DAY), 753, 57, 19, 1135452, 549705),
(41, DATE_SUB(now(), INTERVAL 4 DAY), 793, 88, 12, 1091119, 881033),
(41, DATE_SUB(now(), INTERVAL 3 DAY), 948, 51, 10, 5469668, 850950),
(41, DATE_SUB(now(), INTERVAL 2 DAY), 779, 69, 23, 2355355, 551683),
(41, DATE_SUB(now(), INTERVAL 1 DAY), 159, 58, 43, 4150463, 724094),
(42, DATE_SUB(now(), INTERVAL 31 DAY), 377, 97, 28, 1884755, 889356),
(42, DATE_SUB(now(), INTERVAL 30 DAY), 849, 91, 22, 2726241, 596822),
(42, DATE_SUB(now(), INTERVAL 29 DAY), 726, 61, 43, 3784611, 603690),
(42, DATE_SUB(now(), INTERVAL 28 DAY), 811, 80, 49, 3123671, 693344),
(42, DATE_SUB(now(), INTERVAL 27 DAY), 224, 67, 37, 2184754, 631774),
(42, DATE_SUB(now(), INTERVAL 26 DAY), 194, 65, 24, 2540503, 302882),
(42, DATE_SUB(now(), INTERVAL 25 DAY), 164, 62, 31, 1735209, 808308),
(42, DATE_SUB(now(), INTERVAL 24 DAY), 204, 75, 6, 3267049, 423762),
(42, DATE_SUB(now(), INTERVAL 23 DAY), 167, 91, 32, 1173765, 288483),
(42, DATE_SUB(now(), INTERVAL 22 DAY), 763, 85, 25, 5661642, 832777),
(42, DATE_SUB(now(), INTERVAL 21 DAY), 996, 71, 43, 2530536, 991931),
(42, DATE_SUB(now(), INTERVAL 20 DAY), 360, 55, 15, 1335507, 329677),
(42, DATE_SUB(now(), INTERVAL 19 DAY), 203, 97, 43, 5110127, 877529),
(42, DATE_SUB(now(), INTERVAL 18 DAY), 299, 94, 10, 4372112, 759374),
(42, DATE_SUB(now(), INTERVAL 17 DAY), 467, 83, 41, 3857670, 546098),
(42, DATE_SUB(now(), INTERVAL 16 DAY), 425, 58, 10, 4144221, 541120),
(42, DATE_SUB(now(), INTERVAL 15 DAY), 757, 79, 12, 2579689, 701856),
(42, DATE_SUB(now(), INTERVAL 14 DAY), 695, 51, 10, 1842344, 401411),
(42, DATE_SUB(now(), INTERVAL 13 DAY), 304, 80, 8, 3755500, 994168),
(42, DATE_SUB(now(), INTERVAL 12 DAY), 120, 99, 49, 1684413, 770477),
(42, DATE_SUB(now(), INTERVAL 11 DAY), 270, 90, 42, 4876119, 211873),
(42, DATE_SUB(now(), INTERVAL 10 DAY), 375, 84, 22, 5109925, 222540),
(42, DATE_SUB(now(), INTERVAL 9 DAY), 365, 98, 1, 2298301, 871345),
(42, DATE_SUB(now(), INTERVAL 8 DAY), 965, 64, 5, 1631040, 448703),
(42, DATE_SUB(now(), INTERVAL 7 DAY), 609, 79, 5, 4365607, 470288),
(42, DATE_SUB(now(), INTERVAL 6 DAY), 770, 91, 40, 2853436, 761215),
(42, DATE_SUB(now(), INTERVAL 5 DAY), 797, 70, 46, 2700645, 577082),
(42, DATE_SUB(now(), INTERVAL 4 DAY), 230, 92, 41, 1843640, 130561),
(42, DATE_SUB(now(), INTERVAL 3 DAY), 820, 85, 21, 3717272, 962945),
(42, DATE_SUB(now(), INTERVAL 2 DAY), 478, 85, 48, 3153912, 790658),
(42, DATE_SUB(now(), INTERVAL 1 DAY), 393, 59, 24, 2319889, 839494),
(43, DATE_SUB(now(), INTERVAL 31 DAY), 384, 54, 29, 4380520, 275865),
(43, DATE_SUB(now(), INTERVAL 30 DAY), 709, 68, 45, 1468085, 385846),
(43, DATE_SUB(now(), INTERVAL 29 DAY), 167, 99, 12, 1411047, 644109),
(43, DATE_SUB(now(), INTERVAL 28 DAY), 428, 94, 47, 4658164, 387894),
(43, DATE_SUB(now(), INTERVAL 27 DAY), 231, 80, 49, 1744216, 942567),
(43, DATE_SUB(now(), INTERVAL 26 DAY), 395, 55, 47, 5585830, 416354),
(43, DATE_SUB(now(), INTERVAL 25 DAY), 1000, 61, 19, 1331511, 294242),
(43, DATE_SUB(now(), INTERVAL 24 DAY), 206, 57, 19, 5108693, 738186),
(43, DATE_SUB(now(), INTERVAL 23 DAY), 187, 60, 17, 1993123, 537100),
(43, DATE_SUB(now(), INTERVAL 22 DAY), 969, 94, 43, 1311557, 259384),
(43, DATE_SUB(now(), INTERVAL 21 DAY), 726, 89, 19, 2423286, 500505),
(43, DATE_SUB(now(), INTERVAL 20 DAY), 955, 81, 17, 4542193, 582590),
(43, DATE_SUB(now(), INTERVAL 19 DAY), 535, 68, 15, 5274965, 729952),
(43, DATE_SUB(now(), INTERVAL 18 DAY), 656, 93, 47, 1321281, 398281),
(43, DATE_SUB(now(), INTERVAL 17 DAY), 112, 54, 5, 3657520, 373347),
(43, DATE_SUB(now(), INTERVAL 16 DAY), 764, 51, 29, 2803647, 736330),
(43, DATE_SUB(now(), INTERVAL 15 DAY), 487, 66, 25, 4556673, 652009),
(43, DATE_SUB(now(), INTERVAL 14 DAY), 357, 78, 37, 4683227, 982863),
(43, DATE_SUB(now(), INTERVAL 13 DAY), 702, 62, 22, 5949177, 874655),
(43, DATE_SUB(now(), INTERVAL 12 DAY), 111, 92, 23, 3795282, 635120),
(43, DATE_SUB(now(), INTERVAL 11 DAY), 648, 61, 46, 1667066, 474475),
(43, DATE_SUB(now(), INTERVAL 10 DAY), 766, 84, 32, 5786543, 217528),
(43, DATE_SUB(now(), INTERVAL 9 DAY), 400, 98, 41, 2599696, 481219),
(43, DATE_SUB(now(), INTERVAL 8 DAY), 534, 87, 21, 1988906, 671017),
(43, DATE_SUB(now(), INTERVAL 7 DAY), 542, 82, 29, 2511904, 699799),
(43, DATE_SUB(now(), INTERVAL 6 DAY), 361, 69, 17, 5949773, 199987),
(43, DATE_SUB(now(), INTERVAL 5 DAY), 553, 79, 39, 5137754, 571029),
(43, DATE_SUB(now(), INTERVAL 4 DAY), 491, 57, 50, 5701769, 868449),
(43, DATE_SUB(now(), INTERVAL 3 DAY), 276, 72, 50, 1971923, 761771),
(43, DATE_SUB(now(), INTERVAL 2 DAY), 839, 52, 48, 1049549, 329740),
(43, DATE_SUB(now(), INTERVAL 1 DAY), 964, 76, 11, 3056560, 188762),
(44, DATE_SUB(now(), INTERVAL 31 DAY), 115, 72, 33, 3034463, 676941),
(44, DATE_SUB(now(), INTERVAL 30 DAY), 974, 65, 21, 2949704, 667638),
(44, DATE_SUB(now(), INTERVAL 29 DAY), 233, 74, 35, 1429867, 479779),
(44, DATE_SUB(now(), INTERVAL 28 DAY), 509, 73, 13, 2831799, 913895),
(44, DATE_SUB(now(), INTERVAL 27 DAY), 449, 58, 28, 3782733, 848238),
(44, DATE_SUB(now(), INTERVAL 26 DAY), 431, 61, 6, 4747048, 207576),
(44, DATE_SUB(now(), INTERVAL 25 DAY), 219, 54, 40, 2507015, 932181),
(44, DATE_SUB(now(), INTERVAL 24 DAY), 733, 55, 26, 5967244, 966261),
(44, DATE_SUB(now(), INTERVAL 23 DAY), 941, 92, 7, 3327103, 270784),
(44, DATE_SUB(now(), INTERVAL 22 DAY), 424, 83, 25, 1386899, 234301),
(44, DATE_SUB(now(), INTERVAL 21 DAY), 597, 87, 46, 1661699, 803727),
(44, DATE_SUB(now(), INTERVAL 20 DAY), 136, 91, 14, 1191610, 695417),
(44, DATE_SUB(now(), INTERVAL 19 DAY), 966, 97, 50, 1653008, 201607),
(44, DATE_SUB(now(), INTERVAL 18 DAY), 386, 66, 11, 2294016, 765589),
(44, DATE_SUB(now(), INTERVAL 17 DAY), 137, 70, 47, 4243041, 631903),
(44, DATE_SUB(now(), INTERVAL 16 DAY), 585, 97, 13, 1352724, 188549),
(44, DATE_SUB(now(), INTERVAL 15 DAY), 568, 80, 14, 4051631, 707501),
(44, DATE_SUB(now(), INTERVAL 14 DAY), 420, 76, 17, 1410731, 896334),
(44, DATE_SUB(now(), INTERVAL 13 DAY), 454, 87, 10, 2950169, 696373),
(44, DATE_SUB(now(), INTERVAL 12 DAY), 982, 74, 37, 4530539, 556145),
(44, DATE_SUB(now(), INTERVAL 11 DAY), 705, 55, 23, 3567432, 193038),
(44, DATE_SUB(now(), INTERVAL 10 DAY), 130, 94, 48, 4434927, 568706),
(44, DATE_SUB(now(), INTERVAL 9 DAY), 675, 58, 50, 2966201, 639261),
(44, DATE_SUB(now(), INTERVAL 8 DAY), 667, 53, 27, 3297736, 985724),
(44, DATE_SUB(now(), INTERVAL 7 DAY), 857, 82, 37, 4543316, 177224),
(44, DATE_SUB(now(), INTERVAL 6 DAY), 923, 71, 39, 2240059, 931408),
(44, DATE_SUB(now(), INTERVAL 5 DAY), 157, 84, 44, 2624259, 799540),
(44, DATE_SUB(now(), INTERVAL 4 DAY), 891, 78, 42, 3772714, 830910),
(44, DATE_SUB(now(), INTERVAL 3 DAY), 978, 99, 30, 1548582, 367499),
(44, DATE_SUB(now(), INTERVAL 2 DAY), 894, 55, 49, 1583103, 951859),
(44, DATE_SUB(now(), INTERVAL 1 DAY), 655, 63, 4, 3867670, 369196),
(45, DATE_SUB(now(), INTERVAL 31 DAY), 660, 77, 23, 2932203, 223171),
(45, DATE_SUB(now(), INTERVAL 30 DAY), 768, 72, 28, 1759502, 301548),
(45, DATE_SUB(now(), INTERVAL 29 DAY), 113, 97, 24, 5252752, 516523),
(45, DATE_SUB(now(), INTERVAL 28 DAY), 297, 80, 10, 1214317, 360924),
(45, DATE_SUB(now(), INTERVAL 27 DAY), 347, 83, 2, 5878337, 305820),
(45, DATE_SUB(now(), INTERVAL 26 DAY), 871, 96, 1, 5103714, 986917),
(45, DATE_SUB(now(), INTERVAL 25 DAY), 861, 91, 35, 4102103, 424093),
(45, DATE_SUB(now(), INTERVAL 24 DAY), 324, 98, 6, 4208161, 271310),
(45, DATE_SUB(now(), INTERVAL 23 DAY), 283, 60, 38, 2088706, 784477),
(45, DATE_SUB(now(), INTERVAL 22 DAY), 659, 81, 41, 2555010, 639303),
(45, DATE_SUB(now(), INTERVAL 21 DAY), 777, 51, 48, 3561882, 852647),
(45, DATE_SUB(now(), INTERVAL 20 DAY), 633, 84, 22, 4106162, 730116),
(45, DATE_SUB(now(), INTERVAL 19 DAY), 684, 91, 23, 1364201, 147085),
(45, DATE_SUB(now(), INTERVAL 18 DAY), 411, 73, 1, 5232091, 471181),
(45, DATE_SUB(now(), INTERVAL 17 DAY), 744, 95, 37, 2418597, 838097),
(45, DATE_SUB(now(), INTERVAL 16 DAY), 980, 95, 11, 3308841, 632033),
(45, DATE_SUB(now(), INTERVAL 15 DAY), 529, 63, 33, 1871422, 252676),
(45, DATE_SUB(now(), INTERVAL 14 DAY), 864, 69, 15, 5787226, 787030),
(45, DATE_SUB(now(), INTERVAL 13 DAY), 801, 66, 25, 3470447, 919134),
(45, DATE_SUB(now(), INTERVAL 12 DAY), 618, 76, 35, 5728126, 793252),
(45, DATE_SUB(now(), INTERVAL 11 DAY), 875, 87, 22, 2286751, 108883),
(45, DATE_SUB(now(), INTERVAL 10 DAY), 409, 52, 5, 3452901, 969113),
(45, DATE_SUB(now(), INTERVAL 9 DAY), 949, 97, 38, 5021207, 759625),
(45, DATE_SUB(now(), INTERVAL 8 DAY), 389, 76, 9, 4799376, 857091),
(45, DATE_SUB(now(), INTERVAL 7 DAY), 846, 79, 48, 2422666, 947144),
(45, DATE_SUB(now(), INTERVAL 6 DAY), 112, 75, 19, 2065495, 669101),
(45, DATE_SUB(now(), INTERVAL 5 DAY), 337, 78, 33, 5074685, 507900),
(45, DATE_SUB(now(), INTERVAL 4 DAY), 580, 92, 17, 2916956, 107037),
(45, DATE_SUB(now(), INTERVAL 3 DAY), 469, 76, 36, 3880191, 434261),
(45, DATE_SUB(now(), INTERVAL 2 DAY), 359, 88, 13, 3949250, 923385),
(45, DATE_SUB(now(), INTERVAL 1 DAY), 966, 93, 8, 4025365, 327553),
(46, DATE_SUB(now(), INTERVAL 31 DAY), 569, 53, 31, 5090853, 923889),
(46, DATE_SUB(now(), INTERVAL 30 DAY), 253, 55, 48, 5212543, 672055),
(46, DATE_SUB(now(), INTERVAL 29 DAY), 255, 78, 20, 2513307, 446684),
(46, DATE_SUB(now(), INTERVAL 28 DAY), 471, 92, 34, 5004518, 703292),
(46, DATE_SUB(now(), INTERVAL 27 DAY), 748, 61, 46, 2514470, 976802),
(46, DATE_SUB(now(), INTERVAL 26 DAY), 477, 52, 2, 5346834, 239907),
(46, DATE_SUB(now(), INTERVAL 25 DAY), 933, 84, 23, 2802025, 363544),
(46, DATE_SUB(now(), INTERVAL 24 DAY), 488, 100, 14, 3383063, 476220),
(46, DATE_SUB(now(), INTERVAL 23 DAY), 317, 73, 46, 3885589, 581407),
(46, DATE_SUB(now(), INTERVAL 22 DAY), 497, 81, 16, 2663207, 326041),
(46, DATE_SUB(now(), INTERVAL 21 DAY), 525, 77, 5, 1155299, 804617),
(46, DATE_SUB(now(), INTERVAL 20 DAY), 706, 81, 28, 3344451, 725621),
(46, DATE_SUB(now(), INTERVAL 19 DAY), 971, 80, 50, 5265600, 367024),
(46, DATE_SUB(now(), INTERVAL 18 DAY), 179, 54, 43, 3650019, 115398),
(46, DATE_SUB(now(), INTERVAL 17 DAY), 468, 75, 32, 5629817, 938148),
(46, DATE_SUB(now(), INTERVAL 16 DAY), 910, 79, 15, 1499803, 806412),
(46, DATE_SUB(now(), INTERVAL 15 DAY), 1000, 56, 18, 1530625, 482659),
(46, DATE_SUB(now(), INTERVAL 14 DAY), 996, 61, 25, 3512935, 831536),
(46, DATE_SUB(now(), INTERVAL 13 DAY), 568, 78, 29, 4465285, 773304),
(46, DATE_SUB(now(), INTERVAL 12 DAY), 208, 80, 30, 3252505, 508984),
(46, DATE_SUB(now(), INTERVAL 11 DAY), 982, 76, 19, 5276234, 315574),
(46, DATE_SUB(now(), INTERVAL 10 DAY), 686, 96, 42, 1690118, 966240),
(46, DATE_SUB(now(), INTERVAL 9 DAY), 204, 89, 18, 3002091, 743971),
(46, DATE_SUB(now(), INTERVAL 8 DAY), 232, 92, 11, 1218292, 973281),
(46, DATE_SUB(now(), INTERVAL 7 DAY), 622, 90, 50, 1390534, 693776),
(46, DATE_SUB(now(), INTERVAL 6 DAY), 185, 58, 29, 1216740, 560805),
(46, DATE_SUB(now(), INTERVAL 5 DAY), 901, 96, 28, 1683971, 311675),
(46, DATE_SUB(now(), INTERVAL 4 DAY), 400, 98, 13, 2793728, 811414),
(46, DATE_SUB(now(), INTERVAL 3 DAY), 996, 82, 46, 1236166, 192013),
(46, DATE_SUB(now(), INTERVAL 2 DAY), 148, 56, 17, 2239425, 849921),
(46, DATE_SUB(now(), INTERVAL 1 DAY), 136, 92, 5, 4508982, 689577),
(47, DATE_SUB(now(), INTERVAL 31 DAY), 778, 86, 42, 5081540, 612569),
(47, DATE_SUB(now(), INTERVAL 30 DAY), 740, 91, 6, 2988626, 806762),
(47, DATE_SUB(now(), INTERVAL 29 DAY), 703, 58, 48, 3170975, 399896),
(47, DATE_SUB(now(), INTERVAL 28 DAY), 791, 80, 46, 4509738, 614797),
(47, DATE_SUB(now(), INTERVAL 27 DAY), 137, 100, 1, 3147973, 174645),
(47, DATE_SUB(now(), INTERVAL 26 DAY), 904, 94, 25, 2696022, 818757),
(47, DATE_SUB(now(), INTERVAL 25 DAY), 608, 81, 21, 5997409, 631850),
(47, DATE_SUB(now(), INTERVAL 24 DAY), 439, 86, 37, 2445513, 913501),
(47, DATE_SUB(now(), INTERVAL 23 DAY), 647, 95, 21, 3935086, 794120),
(47, DATE_SUB(now(), INTERVAL 22 DAY), 797, 75, 35, 2082149, 605023),
(47, DATE_SUB(now(), INTERVAL 21 DAY), 289, 100, 11, 3249689, 275186),
(47, DATE_SUB(now(), INTERVAL 20 DAY), 930, 89, 6, 3111667, 176405),
(47, DATE_SUB(now(), INTERVAL 19 DAY), 294, 58, 43, 2044976, 370976),
(47, DATE_SUB(now(), INTERVAL 18 DAY), 930, 57, 14, 5404143, 235271),
(47, DATE_SUB(now(), INTERVAL 17 DAY), 776, 86, 15, 4293598, 617736),
(47, DATE_SUB(now(), INTERVAL 16 DAY), 199, 51, 12, 5133656, 189227),
(47, DATE_SUB(now(), INTERVAL 15 DAY), 965, 60, 12, 1063247, 505722),
(47, DATE_SUB(now(), INTERVAL 14 DAY), 373, 63, 23, 2855830, 996521),
(47, DATE_SUB(now(), INTERVAL 13 DAY), 619, 95, 18, 2234321, 691612),
(47, DATE_SUB(now(), INTERVAL 12 DAY), 989, 72, 7, 1505349, 494166),
(47, DATE_SUB(now(), INTERVAL 11 DAY), 239, 98, 49, 3817599, 418362),
(47, DATE_SUB(now(), INTERVAL 10 DAY), 631, 81, 31, 4131564, 274905),
(47, DATE_SUB(now(), INTERVAL 9 DAY), 350, 91, 30, 1789775, 332272),
(47, DATE_SUB(now(), INTERVAL 8 DAY), 836, 77, 8, 3610193, 425098),
(47, DATE_SUB(now(), INTERVAL 7 DAY), 937, 66, 36, 3079035, 676360),
(47, DATE_SUB(now(), INTERVAL 6 DAY), 298, 72, 24, 5236887, 863075),
(47, DATE_SUB(now(), INTERVAL 5 DAY), 622, 98, 20, 5840566, 485045),
(47, DATE_SUB(now(), INTERVAL 4 DAY), 444, 98, 31, 4766671, 956998),
(47, DATE_SUB(now(), INTERVAL 3 DAY), 499, 66, 32, 2281515, 993622),
(47, DATE_SUB(now(), INTERVAL 2 DAY), 288, 93, 42, 4820516, 634569),
(47, DATE_SUB(now(), INTERVAL 1 DAY), 407, 90, 43, 4921722, 823216),
(48, DATE_SUB(now(), INTERVAL 31 DAY), 703, 98, 22, 2195406, 883406),
(48, DATE_SUB(now(), INTERVAL 30 DAY), 511, 97, 16, 2843568, 394789),
(48, DATE_SUB(now(), INTERVAL 29 DAY), 416, 66, 22, 4171598, 996304),
(48, DATE_SUB(now(), INTERVAL 28 DAY), 406, 70, 13, 4607623, 496515),
(48, DATE_SUB(now(), INTERVAL 27 DAY), 804, 75, 2, 2027744, 558535),
(48, DATE_SUB(now(), INTERVAL 26 DAY), 784, 57, 25, 5323560, 773972),
(48, DATE_SUB(now(), INTERVAL 25 DAY), 676, 74, 10, 5938915, 347071),
(48, DATE_SUB(now(), INTERVAL 24 DAY), 740, 86, 15, 3213205, 614719),
(48, DATE_SUB(now(), INTERVAL 23 DAY), 585, 56, 48, 3736932, 965500),
(48, DATE_SUB(now(), INTERVAL 22 DAY), 422, 91, 36, 5997089, 529934),
(48, DATE_SUB(now(), INTERVAL 21 DAY), 815, 81, 6, 2382751, 651534),
(48, DATE_SUB(now(), INTERVAL 20 DAY), 789, 74, 35, 3354577, 621497),
(48, DATE_SUB(now(), INTERVAL 19 DAY), 498, 90, 29, 2638956, 330329),
(48, DATE_SUB(now(), INTERVAL 18 DAY), 635, 71, 48, 2626923, 234238),
(48, DATE_SUB(now(), INTERVAL 17 DAY), 439, 88, 49, 4682844, 703301),
(48, DATE_SUB(now(), INTERVAL 16 DAY), 404, 67, 2, 5094560, 481885),
(48, DATE_SUB(now(), INTERVAL 15 DAY), 269, 61, 20, 1613756, 553770),
(48, DATE_SUB(now(), INTERVAL 14 DAY), 573, 67, 39, 2067672, 356130),
(48, DATE_SUB(now(), INTERVAL 13 DAY), 410, 100, 30, 2976480, 369916),
(48, DATE_SUB(now(), INTERVAL 12 DAY), 626, 74, 5, 4767090, 299082),
(48, DATE_SUB(now(), INTERVAL 11 DAY), 354, 100, 4, 5786863, 622512),
(48, DATE_SUB(now(), INTERVAL 10 DAY), 599, 53, 13, 1951790, 993390),
(48, DATE_SUB(now(), INTERVAL 9 DAY), 315, 52, 41, 4719928, 323654),
(48, DATE_SUB(now(), INTERVAL 8 DAY), 279, 95, 18, 4335589, 672010),
(48, DATE_SUB(now(), INTERVAL 7 DAY), 426, 93, 46, 1256420, 828448),
(48, DATE_SUB(now(), INTERVAL 6 DAY), 627, 56, 38, 2737985, 813007),
(48, DATE_SUB(now(), INTERVAL 5 DAY), 799, 80, 38, 2453730, 185983),
(48, DATE_SUB(now(), INTERVAL 4 DAY), 726, 96, 50, 5221723, 159646),
(48, DATE_SUB(now(), INTERVAL 3 DAY), 746, 74, 25, 5999338, 398353),
(48, DATE_SUB(now(), INTERVAL 2 DAY), 731, 100, 6, 3352641, 816657),
(48, DATE_SUB(now(), INTERVAL 1 DAY), 966, 99, 21, 4334675, 354467),
(49, DATE_SUB(now(), INTERVAL 31 DAY), 193, 68, 46, 4968923, 692583),
(49, DATE_SUB(now(), INTERVAL 30 DAY), 892, 57, 25, 3455758, 798488),
(49, DATE_SUB(now(), INTERVAL 29 DAY), 986, 73, 3, 2449555, 995973),
(49, DATE_SUB(now(), INTERVAL 28 DAY), 731, 100, 1, 3336702, 588159),
(49, DATE_SUB(now(), INTERVAL 27 DAY), 261, 81, 29, 3994669, 680797),
(49, DATE_SUB(now(), INTERVAL 26 DAY), 352, 62, 30, 2239357, 652717),
(49, DATE_SUB(now(), INTERVAL 25 DAY), 599, 60, 13, 2606572, 801716),
(49, DATE_SUB(now(), INTERVAL 24 DAY), 481, 69, 26, 5257891, 426141),
(49, DATE_SUB(now(), INTERVAL 23 DAY), 784, 67, 11, 4782576, 549630),
(49, DATE_SUB(now(), INTERVAL 22 DAY), 981, 100, 25, 4086398, 399001),
(49, DATE_SUB(now(), INTERVAL 21 DAY), 191, 90, 13, 4982173, 281619),
(49, DATE_SUB(now(), INTERVAL 20 DAY), 292, 79, 46, 1033153, 322220),
(49, DATE_SUB(now(), INTERVAL 19 DAY), 926, 83, 21, 1927233, 509706),
(49, DATE_SUB(now(), INTERVAL 18 DAY), 323, 95, 33, 3213626, 272480),
(49, DATE_SUB(now(), INTERVAL 17 DAY), 928, 64, 23, 4409449, 414327),
(49, DATE_SUB(now(), INTERVAL 16 DAY), 647, 55, 1, 1829764, 632035),
(49, DATE_SUB(now(), INTERVAL 15 DAY), 389, 77, 11, 1130751, 659664),
(49, DATE_SUB(now(), INTERVAL 14 DAY), 306, 98, 18, 3597384, 880183),
(49, DATE_SUB(now(), INTERVAL 13 DAY), 695, 65, 48, 1317239, 306562),
(49, DATE_SUB(now(), INTERVAL 12 DAY), 985, 73, 43, 4513108, 819598),
(49, DATE_SUB(now(), INTERVAL 11 DAY), 281, 83, 42, 4452218, 747880),
(49, DATE_SUB(now(), INTERVAL 10 DAY), 738, 64, 44, 5934720, 444975),
(49, DATE_SUB(now(), INTERVAL 9 DAY), 493, 94, 1, 4293322, 142819),
(49, DATE_SUB(now(), INTERVAL 8 DAY), 252, 84, 17, 2025162, 229008),
(49, DATE_SUB(now(), INTERVAL 7 DAY), 882, 98, 48, 4233507, 592514),
(49, DATE_SUB(now(), INTERVAL 6 DAY), 889, 96, 23, 5182901, 820648),
(49, DATE_SUB(now(), INTERVAL 5 DAY), 260, 99, 28, 1331486, 555577),
(49, DATE_SUB(now(), INTERVAL 4 DAY), 468, 77, 4, 4647916, 530736),
(49, DATE_SUB(now(), INTERVAL 3 DAY), 673, 51, 25, 4355374, 614437),
(49, DATE_SUB(now(), INTERVAL 2 DAY), 433, 58, 36, 2515342, 641053),
(49, DATE_SUB(now(), INTERVAL 1 DAY), 770, 63, 27, 3490422, 769305),
(50, DATE_SUB(now(), INTERVAL 31 DAY), 585, 88, 36, 1281882, 811177),
(50, DATE_SUB(now(), INTERVAL 30 DAY), 743, 64, 46, 1545869, 386295),
(50, DATE_SUB(now(), INTERVAL 29 DAY), 684, 65, 38, 1862814, 772457),
(50, DATE_SUB(now(), INTERVAL 28 DAY), 502, 56, 18, 2266237, 759958),
(50, DATE_SUB(now(), INTERVAL 27 DAY), 283, 76, 29, 5084766, 152045),
(50, DATE_SUB(now(), INTERVAL 26 DAY), 883, 94, 15, 2425304, 196100),
(50, DATE_SUB(now(), INTERVAL 25 DAY), 450, 95, 28, 1619199, 424698),
(50, DATE_SUB(now(), INTERVAL 24 DAY), 530, 75, 33, 2763271, 279833),
(50, DATE_SUB(now(), INTERVAL 23 DAY), 656, 83, 7, 2874997, 439079),
(50, DATE_SUB(now(), INTERVAL 22 DAY), 619, 67, 49, 3229833, 205449),
(50, DATE_SUB(now(), INTERVAL 21 DAY), 512, 55, 24, 3012113, 876966),
(50, DATE_SUB(now(), INTERVAL 20 DAY), 437, 74, 28, 4440619, 648131),
(50, DATE_SUB(now(), INTERVAL 19 DAY), 546, 77, 16, 3229077, 700207),
(50, DATE_SUB(now(), INTERVAL 18 DAY), 816, 64, 25, 5010423, 695331),
(50, DATE_SUB(now(), INTERVAL 17 DAY), 430, 55, 15, 5791904, 691227),
(50, DATE_SUB(now(), INTERVAL 16 DAY), 547, 80, 46, 3008297, 228059),
(50, DATE_SUB(now(), INTERVAL 15 DAY), 372, 63, 44, 3601355, 112882),
(50, DATE_SUB(now(), INTERVAL 14 DAY), 875, 60, 5, 2945362, 691751),
(50, DATE_SUB(now(), INTERVAL 13 DAY), 678, 78, 46, 1981296, 906179),
(50, DATE_SUB(now(), INTERVAL 12 DAY), 159, 71, 3, 5982932, 502443),
(50, DATE_SUB(now(), INTERVAL 11 DAY), 209, 86, 12, 2904395, 301578),
(50, DATE_SUB(now(), INTERVAL 10 DAY), 962, 77, 28, 5683769, 372874),
(50, DATE_SUB(now(), INTERVAL 9 DAY), 873, 51, 44, 2514738, 997256),
(50, DATE_SUB(now(), INTERVAL 8 DAY), 237, 70, 7, 2923284, 217516),
(50, DATE_SUB(now(), INTERVAL 7 DAY), 953, 54, 8, 3006931, 964638),
(50, DATE_SUB(now(), INTERVAL 6 DAY), 838, 86, 2, 1318281, 447246),
(50, DATE_SUB(now(), INTERVAL 5 DAY), 260, 55, 3, 2051135, 649902),
(50, DATE_SUB(now(), INTERVAL 4 DAY), 941, 72, 33, 4832963, 209713),
(50, DATE_SUB(now(), INTERVAL 3 DAY), 651, 55, 16, 3305580, 861990),
(50, DATE_SUB(now(), INTERVAL 2 DAY), 711, 62, 12, 1230664, 481243),
(50, DATE_SUB(now(), INTERVAL 1 DAY), 932, 56, 27, 5041675, 551473),
(51, DATE_SUB(now(), INTERVAL 31 DAY), 647, 65, 23, 2041105, 132421),
(51, DATE_SUB(now(), INTERVAL 30 DAY), 979, 80, 1, 3147966, 870050),
(51, DATE_SUB(now(), INTERVAL 29 DAY), 257, 77, 33, 4195789, 660901),
(51, DATE_SUB(now(), INTERVAL 28 DAY), 293, 85, 38, 4132595, 913766),
(51, DATE_SUB(now(), INTERVAL 27 DAY), 191, 58, 47, 2796129, 770012),
(51, DATE_SUB(now(), INTERVAL 26 DAY), 841, 80, 16, 5379588, 923395),
(51, DATE_SUB(now(), INTERVAL 25 DAY), 212, 78, 47, 5137823, 885188),
(51, DATE_SUB(now(), INTERVAL 24 DAY), 910, 56, 34, 4483636, 331490),
(51, DATE_SUB(now(), INTERVAL 23 DAY), 414, 96, 23, 5827426, 901520),
(51, DATE_SUB(now(), INTERVAL 22 DAY), 664, 70, 40, 4653696, 716143),
(51, DATE_SUB(now(), INTERVAL 21 DAY), 331, 65, 41, 1617352, 744669),
(51, DATE_SUB(now(), INTERVAL 20 DAY), 916, 73, 45, 2091923, 292476),
(51, DATE_SUB(now(), INTERVAL 19 DAY), 816, 66, 26, 5344884, 870495),
(51, DATE_SUB(now(), INTERVAL 18 DAY), 825, 76, 15, 2461584, 481003),
(51, DATE_SUB(now(), INTERVAL 17 DAY), 282, 92, 22, 5168889, 482140),
(51, DATE_SUB(now(), INTERVAL 16 DAY), 593, 98, 39, 3081526, 120810),
(51, DATE_SUB(now(), INTERVAL 15 DAY), 105, 90, 29, 1478708, 955920),
(51, DATE_SUB(now(), INTERVAL 14 DAY), 109, 64, 40, 1794861, 678512),
(51, DATE_SUB(now(), INTERVAL 13 DAY), 980, 99, 11, 1390143, 598783),
(51, DATE_SUB(now(), INTERVAL 12 DAY), 153, 82, 39, 4796976, 370937),
(51, DATE_SUB(now(), INTERVAL 11 DAY), 573, 71, 38, 5987035, 795459),
(51, DATE_SUB(now(), INTERVAL 10 DAY), 984, 94, 47, 3228997, 718552),
(51, DATE_SUB(now(), INTERVAL 9 DAY), 485, 94, 19, 5296467, 797459),
(51, DATE_SUB(now(), INTERVAL 8 DAY), 520, 80, 7, 5037759, 481585),
(51, DATE_SUB(now(), INTERVAL 7 DAY), 949, 86, 23, 1402144, 394988),
(51, DATE_SUB(now(), INTERVAL 6 DAY), 715, 67, 5, 2269661, 563225),
(51, DATE_SUB(now(), INTERVAL 5 DAY), 284, 60, 26, 4949626, 218851),
(51, DATE_SUB(now(), INTERVAL 4 DAY), 274, 58, 30, 5208843, 124134),
(51, DATE_SUB(now(), INTERVAL 3 DAY), 289, 55, 42, 2688811, 621792),
(51, DATE_SUB(now(), INTERVAL 2 DAY), 924, 91, 3, 3449090, 543476),
(51, DATE_SUB(now(), INTERVAL 1 DAY), 163, 88, 9, 5349251, 597217),
(52, DATE_SUB(now(), INTERVAL 31 DAY), 1000, 82, 37, 5082664, 942253),
(52, DATE_SUB(now(), INTERVAL 30 DAY), 267, 72, 20, 4356514, 340569),
(52, DATE_SUB(now(), INTERVAL 29 DAY), 458, 64, 3, 1679219, 417205),
(52, DATE_SUB(now(), INTERVAL 28 DAY), 602, 65, 38, 4839389, 750473),
(52, DATE_SUB(now(), INTERVAL 27 DAY), 938, 61, 8, 4058373, 270788),
(52, DATE_SUB(now(), INTERVAL 26 DAY), 291, 52, 39, 5207877, 507639),
(52, DATE_SUB(now(), INTERVAL 25 DAY), 336, 61, 29, 5786334, 446783),
(52, DATE_SUB(now(), INTERVAL 24 DAY), 969, 85, 48, 3803045, 297718),
(52, DATE_SUB(now(), INTERVAL 23 DAY), 896, 59, 2, 3991972, 554116),
(52, DATE_SUB(now(), INTERVAL 22 DAY), 542, 78, 2, 4583248, 984983),
(52, DATE_SUB(now(), INTERVAL 21 DAY), 743, 58, 15, 4051975, 549739),
(52, DATE_SUB(now(), INTERVAL 20 DAY), 795, 53, 12, 5269596, 411102),
(52, DATE_SUB(now(), INTERVAL 19 DAY), 498, 70, 7, 2344678, 726237),
(52, DATE_SUB(now(), INTERVAL 18 DAY), 258, 75, 7, 2178113, 916044),
(52, DATE_SUB(now(), INTERVAL 17 DAY), 375, 54, 7, 3997153, 637354),
(52, DATE_SUB(now(), INTERVAL 16 DAY), 568, 52, 8, 3998613, 944680),
(52, DATE_SUB(now(), INTERVAL 15 DAY), 601, 57, 25, 3015525, 977454),
(52, DATE_SUB(now(), INTERVAL 14 DAY), 971, 68, 50, 1301922, 561918),
(52, DATE_SUB(now(), INTERVAL 13 DAY), 126, 78, 23, 2479190, 953206),
(52, DATE_SUB(now(), INTERVAL 12 DAY), 179, 52, 2, 5684574, 192921),
(52, DATE_SUB(now(), INTERVAL 11 DAY), 624, 75, 27, 5433524, 482853),
(52, DATE_SUB(now(), INTERVAL 10 DAY), 379, 63, 37, 3808528, 244133),
(52, DATE_SUB(now(), INTERVAL 9 DAY), 533, 76, 43, 5442840, 234151),
(52, DATE_SUB(now(), INTERVAL 8 DAY), 814, 66, 13, 4936286, 897436),
(52, DATE_SUB(now(), INTERVAL 7 DAY), 176, 83, 39, 4772733, 560827),
(52, DATE_SUB(now(), INTERVAL 6 DAY), 729, 77, 42, 4285516, 493431),
(52, DATE_SUB(now(), INTERVAL 5 DAY), 110, 53, 32, 3776051, 154353),
(52, DATE_SUB(now(), INTERVAL 4 DAY), 882, 62, 44, 3580994, 178431),
(52, DATE_SUB(now(), INTERVAL 3 DAY), 748, 54, 30, 2059978, 623111),
(52, DATE_SUB(now(), INTERVAL 2 DAY), 737, 95, 48, 2170709, 334593),
(52, DATE_SUB(now(), INTERVAL 1 DAY), 264, 96, 5, 4730623, 309213),
(53, DATE_SUB(now(), INTERVAL 31 DAY), 112, 80, 29, 2029512, 308760),
(53, DATE_SUB(now(), INTERVAL 30 DAY), 147, 51, 44, 5715638, 967491),
(53, DATE_SUB(now(), INTERVAL 29 DAY), 790, 77, 29, 2348914, 443755),
(53, DATE_SUB(now(), INTERVAL 28 DAY), 882, 80, 4, 5313271, 649299),
(53, DATE_SUB(now(), INTERVAL 27 DAY), 507, 73, 24, 5431543, 559431),
(53, DATE_SUB(now(), INTERVAL 26 DAY), 231, 61, 27, 1041908, 983900),
(53, DATE_SUB(now(), INTERVAL 25 DAY), 591, 71, 19, 4172385, 989235),
(53, DATE_SUB(now(), INTERVAL 24 DAY), 732, 71, 48, 4902540, 334453),
(53, DATE_SUB(now(), INTERVAL 23 DAY), 693, 95, 12, 2504513, 786435),
(53, DATE_SUB(now(), INTERVAL 22 DAY), 466, 84, 6, 4195860, 825553),
(53, DATE_SUB(now(), INTERVAL 21 DAY), 703, 64, 30, 2513634, 993730),
(53, DATE_SUB(now(), INTERVAL 20 DAY), 484, 67, 12, 3461220, 806397),
(53, DATE_SUB(now(), INTERVAL 19 DAY), 767, 95, 41, 1201746, 228783),
(53, DATE_SUB(now(), INTERVAL 18 DAY), 696, 75, 3, 5092214, 914469),
(53, DATE_SUB(now(), INTERVAL 17 DAY), 585, 94, 41, 3473467, 943668),
(53, DATE_SUB(now(), INTERVAL 16 DAY), 635, 66, 29, 5706772, 672721),
(53, DATE_SUB(now(), INTERVAL 15 DAY), 736, 77, 18, 3911292, 674917),
(53, DATE_SUB(now(), INTERVAL 14 DAY), 558, 90, 14, 4366989, 199535),
(53, DATE_SUB(now(), INTERVAL 13 DAY), 301, 83, 6, 3048779, 284842),
(53, DATE_SUB(now(), INTERVAL 12 DAY), 394, 73, 42, 1031788, 394290),
(53, DATE_SUB(now(), INTERVAL 11 DAY), 985, 69, 38, 4805604, 256911),
(53, DATE_SUB(now(), INTERVAL 10 DAY), 686, 69, 48, 4416622, 729851),
(53, DATE_SUB(now(), INTERVAL 9 DAY), 196, 69, 23, 5605697, 929083),
(53, DATE_SUB(now(), INTERVAL 8 DAY), 836, 86, 44, 3335094, 646039),
(53, DATE_SUB(now(), INTERVAL 7 DAY), 806, 95, 30, 5348779, 201515),
(53, DATE_SUB(now(), INTERVAL 6 DAY), 478, 65, 48, 5744641, 783735),
(53, DATE_SUB(now(), INTERVAL 5 DAY), 165, 59, 16, 3998683, 566368),
(53, DATE_SUB(now(), INTERVAL 4 DAY), 754, 52, 39, 4162799, 901615),
(53, DATE_SUB(now(), INTERVAL 3 DAY), 867, 76, 10, 3773656, 139684),
(53, DATE_SUB(now(), INTERVAL 2 DAY), 809, 55, 23, 2049421, 840058),
(53, DATE_SUB(now(), INTERVAL 1 DAY), 722, 54, 1, 3236104, 663162);